dataset,node_id,t,z,y,x,mean_intensity,snr,z_depth_ratio,estimated_radius_um,volume_um3,local_density_r15
6bba_5f89039d,915606,0,29.0,251.0,3.0,1.6631403,2.786302,0.46031746,2.5401762,68.65625,1
6bba_5f89039d,915607,0,29.0,251.0,11.0,1.5852855,3.0113924,0.46031746,2.5434792,68.92444,1
6bba_5f89039d,915608,0,33.0,228.0,100.0,1.55353,3.6297238,0.52380955,2.5434792,68.92444,0
6bba_5f89039d,915609,0,27.0,231.0,172.0,1.2683331,3.0522518,0.42857143,2.5434792,68.92444,0
6bba_5f89039d,915610,0,59.0,97.0,179.0,1.2350912,2.621507,0.93650794,2.5368643,68.38806,0
6bba_5f89039d,915611,0,50.0,160.0,81.0,1.1657244,3.9560544,0.7936508,2.5434792,68.92444,0
6bba_5f89039d,915612,1,29.0,250.0,3.0,1.5602508,3.027081,0.46031746,2.5401762,68.65625,0
6bba_5f89039d,915613,1,32.0,226.0,101.0,1.5497284,3.4052558,0.50793654,2.5434792,68.92444,1
6bba_5f89039d,915614,1,33.0,224.0,96.0,1.5767418,3.7348213,0.52380955,2.5434792,68.92444,1
6bba_5f89039d,915615,1,41.0,194.0,112.0,1.4934763,3.7265568,0.6507937,2.5434792,68.92444,0
6bba_5f89039d,915616,1,58.0,110.0,133.0,1.370165,4.178457,0.9206349,2.5434792,68.92444,0
6bba_5f89039d,915617,1,32.0,236.0,58.0,1.2215285,4.599376,0.50793654,2.5434792,68.92444,0
6bba_5f89039d,915618,1,24.0,236.0,172.0,1.2665257,2.9965572,0.3809524,2.5434792,68.92444,1
6bba_5f89039d,915619,1,58.0,97.0,183.0,1.2406328,2.4454863,0.9206349,2.5401762,68.65625,0
6bba_5f89039d,915620,1,26.0,230.0,173.0,1.2503641,2.717427,0.41269842,2.5434792,68.92444,1
6bba_5f89039d,915621,1,29.0,196.0,227.0,1.2237018,4.7958727,0.46031746,2.5434792,68.92444,0
6bba_5f89039d,915622,1,50.0,159.0,87.0,1.1345662,3.5310445,0.7936508,2.5434792,68.92444,0
6bba_5f89039d,915623,1,53.0,29.0,222.0,1.1737754,1.4740062,0.84126985,2.5434792,68.92444,1
6bba_5f89039d,915624,1,54.0,23.0,225.0,1.1562246,1.7580838,0.85714287,2.5434792,68.92444,1
6bba_5f89039d,915625,1,37.0,161.0,227.0,1.0815852,3.5665789,0.5873016,2.5434792,68.92444,0
6bba_5f89039d,915626,1,21.0,224.0,242.0,1.0499713,3.6183643,0.33333334,2.5434792,68.92444,0
6bba_5f89039d,915627,1,61.0,48.0,102.0,1.0829501,1.633512,0.96825397,2.4687274,63.024292,0
6bba_5f89039d,915628,1,54.0,94.0,76.0,1.0684108,1.801589,0.85714287,2.5434792,68.92444,0
6bba_5f89039d,915629,2,32.0,225.0,96.0,1.7754991,4.224332,0.50793654,2.5434792,68.92444,0
6bba_5f89039d,915630,2,39.0,198.0,110.0,1.4661942,3.6740255,0.61904764,2.5434792,68.92444,0
6bba_5f89039d,915631,2,25.0,230.0,173.0,1.3938026,2.982072,0.3968254,2.5434792,68.92444,0
6bba_5f89039d,915632,2,30.0,238.0,57.0,1.336617,4.9441113,0.47619048,2.5434792,68.92444,0
6bba_5f89039d,915633,2,49.0,159.0,85.0,1.326542,3.8656416,0.7777778,2.5434792,68.92444,0
6bba_5f89039d,915634,2,53.0,156.0,22.0,1.2462937,5.040503,0.84126985,2.5401762,68.65625,0
6bba_5f89039d,915635,2,57.0,111.0,132.0,1.268378,3.9915855,0.9047619,2.5434792,68.92444,0
6bba_5f89039d,915636,2,28.0,195.0,227.0,1.1982719,4.718008,0.44444445,2.5434792,68.92444,0
6bba_5f89039d,915637,3,32.0,227.0,94.0,1.9117008,4.347338,0.50793654,2.5434792,68.92444,0
6bba_5f89039d,915638,3,61.0,105.0,58.0,1.5595295,3.0711167,0.96825397,2.4687274,63.024292,0
6bba_5f89039d,915639,3,37.0,201.0,111.0,1.488831,3.6698515,0.5873016,2.5434792,68.92444,0
6bba_5f89039d,915640,3,25.0,232.0,172.0,1.4055954,3.0697894,0.3968254,2.5434792,68.92444,0
6bba_5f89039d,915641,3,52.0,158.0,21.0,1.322509,5.0232477,0.82539684,2.5434792,68.92444,0
6bba_5f89039d,915642,3,50.0,156.0,84.0,1.2399455,3.8015106,0.7936508,2.5434792,68.92444,0
6bba_5f89039d,915643,4,32.0,227.0,94.0,1.9117008,4.347338,0.50793654,2.5434792,68.92444,0
6bba_5f89039d,915644,4,61.0,105.0,58.0,1.5595295,3.0711167,0.96825397,2.4687274,63.024292,0
6bba_5f89039d,915645,4,37.0,201.0,111.0,1.488831,3.6698515,0.5873016,2.5434792,68.92444,0
6bba_5f89039d,915646,4,25.0,232.0,172.0,1.4055954,3.0697894,0.3968254,2.5434792,68.92444,0
6bba_5f89039d,915647,4,52.0,158.0,21.0,1.322509,5.0232477,0.82539684,2.5434792,68.92444,0
6bba_5f89039d,915648,4,50.0,156.0,84.0,1.2399455,3.8015106,0.7936508,2.5434792,68.92444,0
6bba_5f89039d,915649,5,28.0,238.0,88.0,1.9687669,4.3836374,0.44444445,2.5434792,68.92444,0
6bba_5f89039d,915650,5,38.0,201.0,93.0,1.914845,3.777746,0.6031746,2.5434792,68.92444,0
6bba_5f89039d,915651,5,59.0,113.0,52.0,1.6811131,2.2035031,0.93650794,2.5401762,68.65625,1
6bba_5f89039d,915652,5,60.0,106.0,58.0,1.7117321,2.3635926,0.95238096,2.5401762,68.65625,1
6bba_5f89039d,915653,5,24.0,239.0,158.0,1.4754176,3.0622873,0.3809524,2.5401762,68.65625,0
6bba_5f89039d,915654,5,48.0,158.0,82.0,1.3195964,3.7563672,0.7619048,2.5434792,68.92444,0
6bba_5f89039d,915655,5,47.0,155.0,127.0,1.3338014,3.4189665,0.74603176,2.5434792,68.92444,0
6bba_5f89039d,915656,5,28.0,194.0,226.0,1.3081323,4.1400166,0.44444445,2.5434792,68.92444,0
6bba_5f89039d,915657,6,37.0,204.0,93.0,1.8988625,3.4159887,0.5873016,2.5434792,68.92444,0
6bba_5f89039d,915658,6,28.0,238.0,89.0,1.7732064,4.0071087,0.44444445,2.5434792,68.92444,0
6bba_5f89039d,915659,6,59.0,110.0,56.0,1.7873515,2.753179,0.93650794,2.5401762,68.65625,0
6bba_5f89039d,915660,6,24.0,239.0,155.0,1.4964039,2.930575,0.3809524,2.5434792,68.92444,0
6bba_5f89039d,915661,6,47.0,154.0,127.0,1.4558654,3.3291807,0.74603176,2.5434792,68.92444,0
6bba_5f89039d,915662,6,48.0,159.0,85.0,1.4384191,3.670284,0.7619048,2.5434792,68.92444,0
6bba_5f89039d,915663,6,27.0,249.0,40.0,1.3183867,3.5114086,0.42857143,2.5434792,68.92444,0
6bba_5f89039d,915664,6,51.0,161.0,17.0,1.3114707,4.5519342,0.8095238,2.5434792,68.92444,0
6bba_5f89039d,915665,6,52.0,26.0,205.0,1.2819556,1.8565428,0.82539684,2.5434792,68.92444,0
6bba_5f89039d,915666,6,55.0,114.0,134.0,1.2390195,3.3851726,0.8730159,2.5434792,68.92444,0
6bba_5f89039d,915667,6,29.0,194.0,224.0,1.2260245,3.910686,0.46031746,2.5434792,68.92444,0
6bba_5f89039d,915668,6,54.0,102.0,186.0,1.2326564,2.876197,0.85714287,2.5434792,68.92444,0
6bba_5f89039d,915669,7,38.0,203.0,90.0,2.2381833,3.848377,0.6031746,2.5434792,68.92444,0
6bba_5f89039d,915670,7,28.0,238.0,88.0,1.7645952,3.9033084,0.44444445,2.5434792,68.92444,0
6bba_5f89039d,915671,7,46.0,160.0,122.0,1.5250081,3.5807753,0.73015875,2.5434792,68.92444,0
6bba_5f89039d,915672,8,37.0,204.0,89.0,2.2975125,3.5701816,0.5873016,2.5434792,68.92444,0
6bba_5f89039d,915673,8,28.0,239.0,87.0,2.0301425,4.2283454,0.44444445,2.5434792,68.92444,0
6bba_5f89039d,915674,8,47.0,157.0,124.0,1.7526159,3.5663264,0.74603176,2.5434792,68.92444,0
6bba_5f89039d,915675,8,56.0,113.0,133.0,1.6326133,4.105226,0.8888889,2.5434792,68.92444,0
6bba_5f89039d,915676,8,23.0,245.0,146.0,1.556323,3.15333,0.36507937,2.5434792,68.92444,0
6bba_5f89039d,915677,9,37.0,204.0,89.0,2.2975125,3.5701816,0.5873016,2.5434792,68.92444,0
6bba_5f89039d,915678,9,28.0,239.0,87.0,2.0301425,4.2283454,0.44444445,2.5434792,68.92444,0
6bba_5f89039d,915679,9,47.0,157.0,124.0,1.7526159,3.5663264,0.74603176,2.5434792,68.92444,0
6bba_5f89039d,915680,9,56.0,113.0,133.0,1.6326133,4.105226,0.8888889,2.5434792,68.92444,0
6bba_5f89039d,915681,9,23.0,245.0,146.0,1.556323,3.15333,0.36507937,2.5434792,68.92444,0
6bba_5f89039d,915682,10,46.0,157.0,118.0,2.0159376,3.5664024,0.73015875,2.5434792,68.92444,0
6bba_5f89039d,915683,10,37.0,204.0,82.0,2.0390375,3.1163704,0.5873016,2.5434792,68.92444,0
6bba_5f89039d,915684,10,22.0,246.0,143.0,1.7032344,2.83029,0.34920636,2.5434792,68.92444,0
6bba_5f89039d,915685,10,27.0,242.0,73.0,1.6203873,3.5173225,0.42857143,2.5434792,68.92444,0
6bba_5f89039d,915686,10,31.0,168.0,247.0,1.3730404,9.344976,0.4920635,2.5434792,68.92444,0
6bba_5f89039d,915687,10,55.0,114.0,128.0,1.3901209,3.4644113,0.8730159,2.5434792,68.92444,0
6bba_5f89039d,915688,10,37.0,192.0,146.0,1.3726372,3.3668907,0.5873016,2.5434792,68.92444,0
6bba_5f89039d,915689,11,37.0,205.0,79.0,2.135313,3.3699327,0.5873016,2.5434792,68.92444,0
6bba_5f89039d,915690,11,46.0,159.0,118.0,2.0508225,3.391949,0.73015875,2.5434792,68.92444,1
6bba_5f89039d,915691,11,45.0,162.0,112.0,2.034743,3.4415498,0.71428573,2.5434792,68.92444,1
6bba_5f89039d,915692,11,21.0,250.0,140.0,1.7227123,2.8076406,0.33333334,2.5434792,68.92444,0
6bba_5f89039d,915693,11,27.0,243.0,71.0,1.6943843,3.799723,0.42857143,2.5434792,68.92444,0
6bba_5f89039d,915694,11,37.0,194.0,144.0,1.544426,3.4153543,0.5873016,2.5401762,68.65625,0
6bba_5f89039d,915695,11,28.0,246.0,19.0,1.3926078,3.742529,0.44444445,2.5434792,68.92444,0
6bba_5f89039d,915696,11,47.0,163.0,71.0,1.2978408,2.722706,0.74603176,2.5401762,68.65625,0
6bba_5f89039d,915697,11,55.0,114.0,124.0,1.34242,3.4266798,0.8730159,2.5434792,68.92444,0
6bba_5f89039d,915698,11,51.0,30.0,201.0,1.3378866,2.2660258,0.8095238,2.5401762,68.65625,0
6bba_5f89039d,915699,11,52.0,154.0,6.0,1.2555995,3.8421936,0.82539684,2.5434792,68.92444,0
6bba_5f89039d,915700,12,45.0,163.0,111.0,2.1286435,3.8306615,0.71428573,2.5434792,68.92444,0
6bba_5f89039d,915701,12,60.0,106.0,45.0,1.9505383,2.9684215,0.95238096,2.5401762,68.65625,0
6bba_5f89039d,915702,12,37.0,206.0,74.0,1.9038589,3.0828629,0.5873016,2.5434792,68.92444,0
6bba_5f89039d,915703,12,26.0,244.0,68.0,1.6048007,3.62779,0.41269842,2.5401762,68.65625,0
6bba_5f89039d,915704,12,36.0,198.0,141.0,1.6286548,3.7001889,0.5714286,2.5434792,68.92444,0
6bba_5f89039d,915705,12,24.0,243.0,136.0,1.5917385,2.6764345,0.3809524,2.5401762,68.65625,1
6bba_5f89039d,915706,12,20.0,253.0,136.0,1.5923142,2.0166674,0.31746033,2.4652207,62.756104,1
6bba_5f89039d,915707,12,55.0,113.0,119.0,1.4972928,3.7509842,0.8730159,2.5434792,68.92444,0
6bba_5f89039d,915708,12,28.0,209.0,194.0,1.4665078,3.3937013,0.44444445,2.5434792,68.92444,0
6bba_5f89039d,915709,12,54.0,104.0,173.0,1.4093072,3.1712918,0.85714287,2.5434792,68.92444,0
6bba_5f89039d,915710,12,27.0,247.0,17.0,1.3659006,3.8289576,0.42857143,2.5434792,68.92444,0
6bba_5f89039d,915711,13,60.0,93.0,92.0,1.9679253,3.7004952,0.95238096,2.5401762,68.65625,0
6bba_5f89039d,915712,13,27.0,241.0,64.0,1.9307379,3.2081437,0.42857143,2.5434792,68.92444,1
6bba_5f89039d,915713,13,28.0,237.0,66.0,1.9505965,3.314352,0.44444445,2.5434792,68.92444,1
6bba_5f89039d,915714,13,44.0,160.0,114.0,1.8610574,3.2410927,0.6984127,2.5434792,68.92444,1
6bba_5f89039d,915715,13,44.0,162.0,109.0,1.8536935,3.4967403,0.6984127,2.5434792,68.92444,1
6bba_5f89039d,915716,13,36.0,206.0,72.0,1.7586055,3.2125087,0.5714286,2.5434792,68.92444,0
6bba_5f89039d,915717,13,27.0,212.0,189.0,1.6300142,3.9425442,0.42857143,2.5401762,68.65625,0
6bba_5f89039d,915718,13,57.0,113.0,42.0,1.6278632,2.4939568,0.9047619,2.5401762,68.65625,1
6bba_5f89039d,915719,13,59.0,107.0,42.0,1.5700277,2.240037,0.93650794,2.5434792,68.92444,1
6bba_5f89039d,915720,13,34.0,200.0,141.0,1.5483992,3.3808715,0.53968257,2.5434792,68.92444,0
6bba_5f89039d,915721,13,54.0,115.0,113.0,1.515919,3.5503905,0.85714287,2.5434792,68.92444,0
6bba_5f89039d,915722,13,47.0,160.0,65.0,1.3830183,3.018714,0.74603176,2.5434792,68.92444,0
6bba_5f89039d,915723,13,49.0,35.0,194.0,1.3589325,2.2140083,0.7777778,2.5434792,68.92444,0
6bba_5f89039d,915724,13,53.0,103.0,171.0,1.2999097,3.2560108,0.84126985,2.5434792,68.92444,0
6bba_5f89039d,915725,14,59.0,95.0,87.0,1.9889991,3.5883262,0.93650794,2.5434792,68.92444,0
6bba_5f89039d,915726,14,56.0,117.0,36.0,1.8334242,2.7793,0.8888889,2.5401762,68.65625,0
6bba_5f89039d,915727,14,28.0,236.0,64.0,1.7502408,2.999874,0.44444445,2.5401762,68.65625,1
6bba_5f89039d,915728,14,34.0,208.0,71.0,1.8242531,3.1315694,0.53968257,2.5434792,68.92444,0
6bba_5f89039d,915729,14,43.0,162.0,110.0,1.7981359,3.1137788,0.6825397,2.5434792,68.92444,0
6bba_5f89039d,915730,14,26.0,241.0,61.0,1.763811,3.2734106,0.41269842,2.5434792,68.92444,1
6bba_5f89039d,915731,14,25.0,216.0,184.0,1.6074743,4.2166715,0.3968254,2.5434792,68.92444,0
6bba_5f89039d,915732,14,53.0,116.0,108.0,1.5846211,3.85526,0.84126985,2.5434792,68.92444,0
6bba_5f89039d,915733,14,33.0,201.0,142.0,1.5109823,3.4059887,0.52380955,2.5434792,68.92444,0
6bba_5f89039d,915734,14,52.0,105.0,167.0,1.4862542,3.3697932,0.82539684,2.5434792,68.92444,0
6bba_5f89039d,915735,15,22.0,249.0,117.0,1.9589535,4.089815,0.34920636,2.5434792,68.92444,0
6bba_5f89039d,915736,15,59.0,94.0,88.0,1.91129,3.5033631,0.93650794,2.5401762,68.65625,0
6bba_5f89039d,915737,15,43.0,167.0,106.0,1.7711226,3.784922,0.6825397,2.5434792,68.92444,0
6bba_5f89039d,915738,15,28.0,237.0,66.0,1.7464169,3.5234885,0.44444445,2.5434792,68.92444,0
6bba_5f89039d,915739,15,59.0,111.0,30.0,1.6766918,3.0171165,0.93650794,2.5401762,68.65625,0
6bba_5f89039d,915740,15,35.0,208.0,71.0,1.6877749,3.1056569,0.5555556,2.5434792,68.92444,0
6bba_5f89039d,915741,15,26.0,216.0,182.0,1.431182,3.769503,0.41269842,2.5434792,68.92444,0
6bba_5f89039d,915742,15,53.0,118.0,106.0,1.4049307,3.2597396,0.84126985,2.5434792,68.92444,0
6bba_5f89039d,915743,15,45.0,168.0,51.0,1.3780367,3.1905234,0.71428573,2.5401762,68.65625,0
6bba_5f89039d,915744,15,33.0,200.0,146.0,1.4154835,3.482194,0.52380955,2.5434792,68.92444,0
6bba_5f89039d,915745,15,29.0,239.0,16.0,1.3597392,3.9750986,0.46031746,2.5434792,68.92444,0
6bba_5f89039d,915746,15,52.0,105.0,166.0,1.3128375,3.1086104,0.82539684,2.5434792,68.92444,0
6bba_5f89039d,915747,15,58.0,38.0,72.0,1.3154067,2.109382,0.9206349,2.5434792,68.92444,0
6bba_5f89039d,915748,16,22.0,249.0,117.0,1.9589535,4.089815,0.34920636,2.5434792,68.92444,0
6bba_5f89039d,915749,16,59.0,94.0,88.0,1.91129,3.5033631,0.93650794,2.5401762,68.65625,0
6bba_5f89039d,915750,16,43.0,167.0,106.0,1.7711226,3.784922,0.6825397,2.5434792,68.92444,0
6bba_5f89039d,915751,16,28.0,237.0,66.0,1.7464169,3.5234885,0.44444445,2.5434792,68.92444,0
6bba_5f89039d,915752,16,59.0,111.0,30.0,1.6766918,3.0171165,0.93650794,2.5401762,68.65625,0
6bba_5f89039d,915753,16,35.0,208.0,71.0,1.6877749,3.1056569,0.5555556,2.5434792,68.92444,0
6bba_5f89039d,915754,16,26.0,216.0,182.0,1.431182,3.769503,0.41269842,2.5434792,68.92444,0
6bba_5f89039d,915755,16,53.0,118.0,106.0,1.4049307,3.2597396,0.84126985,2.5434792,68.92444,0
6bba_5f89039d,915756,16,45.0,168.0,51.0,1.3780367,3.1905234,0.71428573,2.5401762,68.65625,0
6bba_5f89039d,915757,16,33.0,200.0,146.0,1.4154835,3.482194,0.52380955,2.5434792,68.92444,0
6bba_5f89039d,915758,16,29.0,239.0,16.0,1.3597392,3.9750986,0.46031746,2.5434792,68.92444,0
6bba_5f89039d,915759,16,52.0,105.0,166.0,1.3128375,3.1086104,0.82539684,2.5434792,68.92444,0
6bba_5f89039d,915760,16,58.0,38.0,72.0,1.3154067,2.109382,0.9206349,2.5434792,68.92444,0
6bba_5f89039d,915761,17,19.0,253.0,107.0,2.3075757,3.6661437,0.3015873,2.4687274,63.024292,0
6bba_5f89039d,915762,17,23.0,224.0,168.0,1.7812274,4.294988,0.36507937,2.5434792,68.92444,0
6bba_5f89039d,915763,17,34.0,208.0,63.0,1.8051636,3.4703128,0.53968257,2.5434792,68.92444,0
6bba_5f89039d,915764,17,51.0,109.0,162.0,1.7269543,3.503308,0.8095238,2.5434792,68.92444,0
6bba_5f89039d,915765,17,33.0,198.0,142.0,1.6575577,3.3829107,0.52380955,2.5434792,68.92444,0
6bba_5f89039d,915766,17,26.0,241.0,54.0,1.5699978,3.0966773,0.41269842,2.5434792,68.92444,0
6bba_5f89039d,915767,17,58.0,91.0,87.0,1.6023959,3.6578815,0.9206349,2.5401762,68.65625,0
6bba_5f89039d,915768,18,35.0,205.0,60.0,1.7938864,3.3983467,0.5555556,2.5434792,68.92444,0
6bba_5f89039d,915769,18,58.0,88.0,87.0,1.6864829,3.6129837,0.9206349,2.5401762,68.65625,0
6bba_5f89039d,915770,18,23.0,225.0,164.0,1.6818151,4.223295,0.36507937,2.5434792,68.92444,0
6bba_5f89039d,915771,18,50.0,111.0,159.0,1.6867666,3.6426733,0.7936508,2.5434792,68.92444,0
6bba_5f89039d,915772,18,26.0,243.0,50.0,1.5117441,3.1903708,0.41269842,2.5401762,68.65625,0
6bba_5f89039d,915773,18,42.0,163.0,104.0,1.4499279,3.412308,0.6666667,2.5434792,68.92444,0
6bba_5f89039d,915774,18,32.0,200.0,142.0,1.3658111,3.1336143,0.50793654,2.5434792,68.92444,0
6bba_5f89039d,915775,19,20.0,251.0,104.0,2.1774871,4.231422,0.31746033,2.5434792,68.92444,0
6bba_5f89039d,915776,19,35.0,207.0,59.0,2.0400233,3.78098,0.5555556,2.5401762,68.65625,0
6bba_5f89039d,915777,19,22.0,227.0,164.0,1.8705945,4.153202,0.34920636,2.5434792,68.92444,0
6bba_5f89039d,915778,19,25.0,244.0,49.0,1.622583,3.969463,0.3968254,2.5434792,68.92444,0
6bba_5f89039d,915779,19,50.0,109.0,161.0,1.6766245,3.4701812,0.7936508,2.5434792,68.92444,0
6bba_5f89039d,915780,19,58.0,88.0,87.0,1.5569504,3.409351,0.9206349,2.5434792,68.92444,0
6bba_5f89039d,915781,19,31.0,202.0,141.0,1.5305871,3.4238477,0.4920635,2.5434792,68.92444,0
6bba_5f89039d,915782,19,42.0,163.0,104.0,1.4411079,3.4367647,0.6666667,2.5434792,68.92444,0
6bba_5f89039d,915783,20,35.0,206.0,62.0,1.8828503,3.3800304,0.5555556,2.5434792,68.92444,0
6bba_5f89039d,915784,20,21.0,230.0,163.0,1.8262695,3.983316,0.33333334,2.5434792,68.92444,0
6bba_5f89039d,915785,20,59.0,86.0,88.0,1.5986392,3.374221,0.93650794,2.5434792,68.92444,0
6bba_5f89039d,915786,20,50.0,109.0,161.0,1.6189609,3.4061816,0.7936508,2.5434792,68.92444,0
6bba_5f89039d,915787,20,25.0,245.0,49.0,1.5397059,3.8212693,0.3968254,2.5434792,68.92444,0
6bba_5f89039d,915788,20,30.0,203.0,141.0,1.5661217,3.535725,0.47619048,2.5434792,68.92444,0
6bba_5f89039d,915789,20,42.0,163.0,105.0,1.414438,3.3705757,0.6666667,2.5434792,68.92444,0
6bba_5f89039d,915790,20,55.0,121.0,24.0,1.4156255,2.809446,0.8730159,2.5434792,68.92444,0
6bba_5f89039d,915791,20,34.0,174.0,192.0,1.3577676,3.7019396,0.53968257,2.5434792,68.92444,0
6bba_5f89039d,915792,20,50.0,118.0,105.0,1.3069898,2.4498515,0.7936508,2.5268764,67.583496,1
6bba_5f89039d,915793,20,54.0,112.0,100.0,1.3063549,2.574682,0.85714287,2.5434792,68.92444,1
6bba_5f89039d,915794,20,39.0,153.0,178.0,1.2970194,3.1925528,0.61904764,2.5434792,68.92444,0
6bba_5f89039d,915795,20,55.0,41.0,51.0,1.2814178,2.0606816,0.8730159,2.5434792,68.92444,0
6bba_5f89039d,915796,20,45.0,163.0,48.0,1.1607654,2.8048563,0.71428573,2.5434792,68.92444,0
6bba_5f89039d,915797,20,41.0,119.0,226.0,1.2067037,2.5715046,0.6507937,2.5434792,68.92444,0
6bba_5f89039d,915798,21,21.0,231.0,160.0,2.0637653,4.2681932,0.33333334,2.5434792,68.92444,0
6bba_5f89039d,915799,21,34.0,208.0,60.0,1.8814386,3.1919794,0.53968257,2.5434792,68.92444,0
6bba_5f89039d,915800,21,23.0,248.0,49.0,1.7397178,3.2753396,0.36507937,2.5434792,68.92444,0
6bba_5f89039d,915801,21,59.0,86.0,82.0,1.6205815,3.2807114,0.93650794,2.5434792,68.92444,0
6bba_5f89039d,915802,21,30.0,204.0,137.0,1.6018881,3.5219722,0.47619048,2.5434792,68.92444,0
6bba_5f89039d,915803,21,50.0,111.0,156.0,1.5847703,3.503076,0.7936508,2.5434792,68.92444,0
6bba_5f89039d,915804,21,53.0,113.0,98.0,1.5196308,3.365063,0.84126985,2.5434792,68.92444,0
6bba_5f89039d,915805,21,33.0,176.0,188.0,1.3341898,3.8589008,0.52380955,2.5434792,68.92444,0
6bba_5f89039d,915806,21,42.0,161.0,101.0,1.3139801,3.3096235,0.6666667,2.5434792,68.92444,0
6bba_5f89039d,915807,21,56.0,117.0,24.0,1.270148,2.6645231,0.8888889,2.5434792,68.92444,0
6bba_5f89039d,915808,22,21.0,250.0,104.0,2.2073984,3.811082,0.33333334,2.5401762,68.65625,0
6bba_5f89039d,915809,22,20.0,234.0,161.0,2.0462968,3.8606482,0.31746033,2.5434792,68.92444,0
6bba_5f89039d,915810,22,34.0,209.0,60.0,2.0521371,3.2170804,0.53968257,2.5434792,68.92444,0
6bba_5f89039d,915811,22,24.0,246.0,50.0,1.7571492,3.6856213,0.3809524,2.5434792,68.92444,0
6bba_5f89039d,915812,22,30.0,206.0,135.0,1.6306639,3.2741966,0.47619048,2.5434792,68.92444,0
6bba_5f89039d,915813,23,20.0,235.0,158.0,2.2429256,4.1700826,0.31746033,2.5434792,68.92444,0
6bba_5f89039d,915814,23,34.0,208.0,56.0,2.004623,3.1705694,0.53968257,2.5434792,68.92444,0
6bba_5f89039d,915815,23,20.0,249.0,103.0,1.950828,3.4971979,0.31746033,2.5434792,68.92444,0
6bba_5f89039d,915816,23,25.0,243.0,48.0,1.6758404,3.843114,0.3968254,2.5434792,68.92444,0
6bba_5f89039d,915817,23,29.0,208.0,133.0,1.7102176,3.2860274,0.46031746,2.5434792,68.92444,0
6bba_5f89039d,915818,23,45.0,165.0,35.0,1.6102451,2.9514701,0.71428573,2.5434792,68.92444,0
6bba_5f89039d,915819,23,49.0,113.0,152.0,1.6362354,3.5733125,0.7777778,2.5434792,68.92444,0
6bba_5f89039d,915820,24,20.0,235.0,159.0,2.336393,4.0862317,0.31746033,2.5434792,68.92444,0
6bba_5f89039d,915821,24,20.0,251.0,101.0,2.1624982,3.8626125,0.31746033,2.5434792,68.92444,0
6bba_5f89039d,915822,24,34.0,208.0,54.0,1.9041352,3.0394857,0.53968257,2.5434792,68.92444,0
6bba_5f89039d,915823,24,25.0,244.0,46.0,1.7797188,3.7605724,0.3968254,2.5434792,68.92444,0
6bba_5f89039d,915824,24,29.0,210.0,129.0,1.7681726,3.6844182,0.46031746,2.5434792,68.92444,0
6bba_5f89039d,915825,24,45.0,165.0,35.0,1.5803641,3.1626303,0.71428573,2.5434792,68.92444,0
6bba_5f89039d,915826,24,48.0,118.0,151.0,1.60675,3.06199,0.7619048,2.5434792,68.92444,0
6bba_5f89039d,915827,24,40.0,154.0,170.0,1.5213113,3.5435297,0.63492066,2.5401762,68.65625,0
6bba_5f89039d,915828,24,54.0,126.0,18.0,1.4904591,2.870308,0.85714287,2.5434792,68.92444,0
6bba_5f89039d,915829,25,20.0,235.0,162.0,2.2685797,3.9344614,0.31746033,2.5434792,68.92444,0
6bba_5f89039d,915830,25,36.0,204.0,53.0,1.8680925,3.038059,0.5714286,2.5434792,68.92444,0
6bba_5f89039d,915831,25,30.0,210.0,129.0,1.8038716,3.574067,0.47619048,2.5434792,68.92444,0
6bba_5f89039d,915832,25,49.0,118.0,149.0,1.6793058,3.0990884,0.7777778,2.5434792,68.92444,0
6bba_5f89039d,915833,25,26.0,242.0,48.0,1.5836426,3.9129314,0.41269842,2.5434792,68.92444,0
6bba_5f89039d,915834,25,61.0,79.0,80.0,1.5800548,3.195242,0.96825397,2.4687274,63.024292,0
6bba_5f89039d,915835,25,55.0,108.0,93.0,1.5289364,3.4805367,0.8730159,2.5434792,68.92444,0
6bba_5f89039d,915836,25,55.0,126.0,17.0,1.4406446,3.14263,0.8730159,2.5434792,68.92444,0
6bba_5f89039d,915837,25,33.0,181.0,182.0,1.5200192,4.0514197,0.52380955,2.5434792,68.92444,0
6bba_5f89039d,915838,25,43.0,164.0,93.0,1.451108,3.6176102,0.6825397,2.5434792,68.92444,0
6bba_5f89039d,915839,25,40.0,154.0,171.0,1.4436022,3.336781,0.63492066,2.5434792,68.92444,0
6bba_5f89039d,915840,25,45.0,167.0,32.0,1.4176643,3.137853,0.71428573,2.5434792,68.92444,0
6bba_5f89039d,915841,26,20.0,235.0,164.0,2.0998755,3.6985621,0.31746033,2.5434792,68.92444,0
6bba_5f89039d,915842,26,36.0,205.0,51.0,1.7987782,2.9919016,0.5714286,2.5401762,68.65625,0
6bba_5f89039d,915843,26,48.0,121.0,148.0,1.7504798,2.884846,0.7619048,2.5434792,68.92444,0
6bba_5f89039d,915844,26,26.0,241.0,45.0,1.6950791,3.8498073,0.41269842,2.5434792,68.92444,0
6bba_5f89039d,915845,26,31.0,207.0,130.0,1.6894778,3.0200918,0.4920635,2.5434792,68.92444,0
6bba_5f89039d,915846,26,40.0,156.0,168.0,1.5216919,3.1807847,0.63492066,2.5434792,68.92444,0
6bba_5f89039d,915847,26,34.0,178.0,181.0,1.5062026,3.5619314,0.53968257,2.5401762,68.65625,0
6bba_5f89039d,915848,26,61.0,81.0,79.0,1.4915915,3.3896384,0.96825397,2.4687274,63.024292,0
6bba_5f89039d,915849,26,55.0,125.0,18.0,1.3282746,2.887199,0.8730159,2.5401762,68.65625,0
6bba_5f89039d,915850,26,43.0,164.0,92.0,1.3601127,3.663516,0.6825397,2.5434792,68.92444,0
6bba_5f89039d,915851,26,55.0,108.0,94.0,1.3323525,3.073607,0.8730159,2.5434792,68.92444,0
6bba_5f89039d,915852,26,45.0,167.0,27.0,1.2767352,3.197117,0.71428573,2.5401762,68.65625,0
6bba_5f89039d,915853,27,36.0,205.0,51.0,2.1370232,3.4301462,0.5714286,2.5434792,68.92444,0
6bba_5f89039d,915854,27,20.0,233.0,170.0,1.909169,3.6505692,0.31746033,2.5434792,68.92444,0
6bba_5f89039d,915855,27,40.0,156.0,167.0,1.6937422,3.3696198,0.63492066,2.5434792,68.92444,0
6bba_5f89039d,915856,27,48.0,120.0,148.0,1.6746827,2.7611766,0.7619048,2.5401762,68.65625,1
6bba_5f89039d,915857,27,33.0,179.0,183.0,1.6113803,3.709913,0.52380955,2.5434792,68.92444,0
6bba_5f89039d,915858,27,48.0,119.0,155.0,1.6165485,2.6542714,0.7619048,2.5434792,68.92444,1
6bba_5f89039d,915859,27,25.0,246.0,39.0,1.5832169,3.7690709,0.3968254,2.5434792,68.92444,0
6bba_5f89039d,915860,27,57.0,113.0,22.0,1.5827465,3.067392,0.9047619,2.5434792,68.92444,0
6bba_5f89039d,915861,27,30.0,209.0,130.0,1.5918504,2.9392972,0.47619048,2.5434792,68.92444,0
6bba_5f89039d,915862,27,55.0,108.0,92.0,1.4266115,3.3390212,0.8730159,2.5434792,68.92444,0
6bba_5f89039d,915863,27,61.0,79.0,82.0,1.4311186,3.1906123,0.96825397,2.4687274,63.024292,0
6bba_5f89039d,915864,27,45.0,168.0,26.0,1.3374012,3.2484648,0.71428573,2.5401762,68.65625,0
6bba_5f89039d,915865,27,44.0,162.0,94.0,1.3274906,3.3099902,0.6984127,2.5434792,68.92444,0
6bba_5f89039d,915866,28,37.0,204.0,52.0,2.1157308,3.8377235,0.5873016,2.5434792,68.92444,0
6bba_5f89039d,915867,28,19.0,235.0,168.0,1.9688118,3.4615977,0.3015873,2.5434792,68.92444,0
6bba_5f89039d,915868,28,57.0,114.0,23.0,1.7439823,3.245494,0.9047619,2.5401762,68.65625,0
6bba_5f89039d,915869,28,35.0,177.0,181.0,1.7219504,3.5578766,0.5555556,2.5434792,68.92444,0
6bba_5f89039d,915870,28,49.0,119.0,146.0,1.669903,3.3228834,0.7777778,2.5434792,68.92444,0
6bba_5f89039d,915871,28,30.0,209.0,129.0,1.6203948,2.8602211,0.47619048,2.5434792,68.92444,1
6bba_5f89039d,915872,28,40.0,157.0,165.0,1.5834037,3.3059025,0.63492066,2.5434792,68.92444,0
6bba_5f89039d,915873,28,32.0,200.0,133.0,1.4388596,2.5320058,0.50793654,2.5434792,68.92444,1
6bba_5f89039d,915874,29,19.0,251.0,99.0,2.2243068,3.7235537,0.3015873,2.5434792,68.92444,0
6bba_5f89039d,915875,29,35.0,202.0,63.0,2.1550372,3.4634573,0.5555556,2.5434792,68.92444,0
6bba_5f89039d,915876,29,19.0,229.0,166.0,2.0477605,3.9553773,0.3015873,2.5434792,68.92444,0
6bba_5f89039d,915877,29,33.0,174.0,178.0,1.895651,4.0509534,0.52380955,2.5434792,68.92444,0
6bba_5f89039d,915878,29,29.0,203.0,134.0,1.8376662,3.5871036,0.46031746,2.5434792,68.92444,0
6bba_5f89039d,915879,29,43.0,158.0,95.0,1.8381144,3.0783408,0.6825397,2.5434792,68.92444,0
6bba_5f89039d,915880,29,48.0,117.0,146.0,1.8407657,3.254216,0.7619048,2.5434792,68.92444,0
6bba_5f89039d,915881,29,46.0,162.0,31.0,1.6990598,3.6074176,0.73015875,2.5434792,68.92444,0
6bba_5f89039d,915882,29,57.0,109.0,22.0,1.6412914,2.9531262,0.9047619,2.5434792,68.92444,0
6bba_5f89039d,915883,29,27.0,236.0,40.0,1.5307363,3.5710788,0.42857143,2.5434792,68.92444,0
6bba_5f89039d,915884,29,37.0,163.0,160.0,1.4366268,3.0870023,0.5873016,2.5434792,68.92444,1
6bba_5f89039d,915885,29,39.0,153.0,164.0,1.3921895,2.8740819,0.61904764,2.5434792,68.92444,1
6bba_5f89039d,915886,30,19.0,252.0,101.0,2.1974268,3.8076708,0.3015873,2.5401762,68.65625,0
6bba_5f89039d,915887,30,35.0,201.0,64.0,2.1480465,3.240808,0.5555556,2.5434792,68.92444,0
6bba_5f89039d,915888,30,19.0,232.0,166.0,2.0359979,3.972002,0.3015873,2.5434792,68.92444,0
6bba_5f89039d,915889,30,46.0,162.0,33.0,1.9304689,3.7773998,0.73015875,2.5434792,68.92444,0
6bba_5f89039d,915890,30,48.0,116.0,153.0,1.8736342,3.0740643,0.7619048,2.5434792,68.92444,0
6bba_5f89039d,915891,30,29.0,204.0,136.0,1.8351793,3.6012492,0.46031746,2.5434792,68.92444,0
6bba_5f89039d,915892,30,44.0,155.0,97.0,1.8624017,3.1819336,0.6984127,2.5434792,68.92444,0
6bba_5f89039d,915893,30,58.0,108.0,21.0,1.8084648,3.1676502,0.9206349,2.5401762,68.65625,0
6bba_5f89039d,915894,30,33.0,173.0,180.0,1.8002793,3.9518445,0.52380955,2.5434792,68.92444,0
6bba_5f89039d,915895,30,25.0,242.0,40.0,1.7279476,3.6475122,0.3968254,2.5401762,68.65625,0
6bba_5f89039d,915896,30,38.0,162.0,160.0,1.4721091,2.8889437,0.6031746,2.5434792,68.92444,1
6bba_5f89039d,915897,30,40.0,154.0,164.0,1.4476949,2.8761837,0.63492066,2.5401762,68.65625,1
6bba_5f89039d,915898,30,55.0,103.0,96.0,1.4145797,3.2686584,0.8730159,2.5434792,68.92444,0
6bba_5f89039d,915899,31,19.0,253.0,100.0,2.1445014,3.6122487,0.3015873,2.4687274,63.024292,0
6bba_5f89039d,915900,31,18.0,233.0,166.0,2.12175,3.885452,0.2857143,2.5434792,68.92444,0
6bba_5f89039d,915901,31,36.0,199.0,60.0,2.1159847,2.771606,0.5714286,2.5434792,68.92444,1
6bba_5f89039d,915902,31,35.0,200.0,66.0,2.1053123,3.1828036,0.5555556,2.5401762,68.65625,1
6bba_5f89039d,915903,31,33.0,173.0,181.0,1.8627975,4.242299,0.52380955,2.5434792,68.92444,0
6bba_5f89039d,915904,31,44.0,155.0,95.0,1.7809585,3.1770089,0.6984127,2.5401762,68.65625,0
6bba_5f89039d,915905,31,48.0,115.0,149.0,1.735207,3.1237452,0.7619048,2.5434792,68.92444,0
6bba_5f89039d,915906,31,58.0,107.0,23.0,1.6766992,3.3576508,0.9206349,2.5434792,68.92444,0
6bba_5f89039d,915907,31,46.0,161.0,32.0,1.622456,3.3970878,0.73015875,2.5434792,68.92444,0
6bba_5f89039d,915908,31,29.0,204.0,137.0,1.5910813,3.1159706,0.46031746,2.5434792,68.92444,1
6bba_5f89039d,915909,31,55.0,103.0,96.0,1.6001107,3.2459514,0.8730159,2.5434792,68.92444,0
6bba_5f89039d,915910,31,26.0,241.0,40.0,1.5439928,3.702676,0.41269842,2.5434792,68.92444,0
6bba_5f89039d,915911,31,38.0,161.0,161.0,1.4954331,2.9745278,0.6031746,2.5434792,68.92444,0
6bba_5f89039d,915912,31,27.0,212.0,129.0,1.4372989,2.4250197,0.42857143,2.5434792,68.92444,1
6bba_5f89039d,915913,31,60.0,78.0,82.0,1.2616812,2.9614837,0.95238096,2.5401762,68.65625,0
6bba_5f89039d,915914,32,19.0,253.0,99.0,2.1787071,3.3457878,0.3015873,2.4687274,63.024292,0
6bba_5f89039d,915915,32,37.0,199.0,59.0,2.1370308,2.9583883,0.5873016,2.5401762,68.65625,0
6bba_5f89039d,915916,32,18.0,234.0,165.0,2.0579848,3.7197723,0.2857143,2.5434792,68.92444,0
6bba_5f89039d,915917,32,34.0,172.0,180.0,1.8369269,3.9905221,0.53968257,2.5434792,68.92444,0
6bba_5f89039d,915918,32,48.0,115.0,153.0,1.8082182,3.0026338,0.7619048,2.5434792,68.92444,0
6bba_5f89039d,915919,32,44.0,155.0,95.0,1.760144,3.1976714,0.6984127,2.5401762,68.65625,0
6bba_5f89039d,915920,32,26.0,241.0,37.0,1.6497158,3.8766458,0.41269842,2.5434792,68.92444,0
6bba_5f89039d,915921,32,29.0,204.0,137.0,1.6222022,2.9335968,0.46031746,2.5434792,68.92444,1
6bba_5f89039d,915922,32,37.0,163.0,159.0,1.6082885,3.5011466,0.5873016,2.5434792,68.92444,0
6bba_5f89039d,915923,32,30.0,206.0,131.0,1.6118808,2.5790472,0.47619048,2.5434792,68.92444,1
6bba_5f89039d,915924,32,56.0,101.0,95.0,1.5490116,3.3942404,0.8888889,2.5434792,68.92444,0
6bba_5f89039d,915925,32,46.0,161.0,30.0,1.5054109,3.2674286,0.73015875,2.5434792,68.92444,0
6bba_5f89039d,915926,32,56.0,108.0,27.0,1.5137084,2.858965,0.8888889,2.5401762,68.65625,0
6bba_5f89039d,915927,32,61.0,73.0,83.0,1.3747865,2.835406,0.96825397,2.4687274,63.024292,0
6bba_5f89039d,915928,33,37.0,199.0,57.0,2.292329,3.367707,0.5873016,2.5434792,68.92444,0
6bba_5f89039d,915929,33,20.0,252.0,97.0,2.2311435,4.6175084,0.31746033,2.5401762,68.65625,0
6bba_5f89039d,915930,33,19.0,235.0,163.0,2.217077,3.6749904,0.3015873,2.5434792,68.92444,0
6bba_5f89039d,915931,33,38.0,163.0,156.0,1.7943121,3.62755,0.6031746,2.5434792,68.92444,0
6bba_5f89039d,915932,33,48.0,116.0,152.0,1.773729,3.077035,0.7619048,2.5434792,68.92444,0
6bba_5f89039d,915933,33,34.0,173.0,179.0,1.7648417,3.7121832,0.53968257,2.5434792,68.92444,0
6bba_5f89039d,915934,33,45.0,156.0,92.0,1.6903142,3.5775707,0.71428573,2.5434792,68.92444,0
6bba_5f89039d,915935,33,29.0,211.0,127.0,1.681494,3.0710237,0.46031746,2.5434792,68.92444,0
6bba_5f89039d,915936,33,27.0,240.0,35.0,1.5885122,3.9181967,0.42857143,2.5434792,68.92444,0
6bba_5f89039d,915937,33,46.0,163.0,28.0,1.517928,3.286863,0.73015875,2.5434792,68.92444,0
6bba_5f89039d,915938,33,56.0,100.0,92.0,1.5248437,3.129248,0.8888889,2.5434792,68.92444,0
6bba_5f89039d,915939,34,37.0,200.0,53.0,2.3823683,3.4687035,0.5873016,2.5434792,68.92444,0
6bba_5f89039d,915940,34,21.0,251.0,91.0,2.1500406,3.8052957,0.33333334,2.5434792,68.92444,0
6bba_5f89039d,915941,34,19.0,238.0,156.0,2.1405034,3.666647,0.3015873,2.5434792,68.92444,0
6bba_5f89039d,915942,34,33.0,178.0,174.0,1.9560183,3.5895653,0.52380955,2.5434792,68.92444,0
6bba_5f89039d,915943,34,38.0,164.0,154.0,1.924427,3.6441112,0.6031746,2.5434792,68.92444,0
6bba_5f89039d,915944,34,48.0,116.0,149.0,1.8844261,2.9780595,0.7619048,2.5434792,68.92444,1
6bba_5f89039d,915945,34,48.0,115.0,145.0,1.8870251,3.1256132,0.7619048,2.5401762,68.65625,1
6bba_5f89039d,915946,34,30.0,213.0,118.0,1.7712795,3.5108874,0.47619048,2.5434792,68.92444,0
6bba_5f89039d,915947,34,27.0,239.0,31.0,1.5880414,3.8243573,0.42857143,2.5434792,68.92444,0
6bba_5f89039d,915948,34,46.0,164.0,24.0,1.4808322,3.0602891,0.73015875,2.5434792,68.92444,0
6bba_5f89039d,915949,34,55.0,101.0,95.0,1.4937825,2.7857633,0.8730159,2.5434792,68.92444,0
6bba_5f89039d,915950,34,45.0,158.0,86.0,1.4835134,3.5542707,0.71428573,2.5434792,68.92444,0
6bba_5f89039d,915951,35,37.0,201.0,52.0,2.3053317,3.0347328,0.5873016,2.5434792,68.92444,0
6bba_5f89039d,915952,35,21.0,252.0,85.0,2.1711626,3.087336,0.33333334,2.5401762,68.65625,0
6bba_5f89039d,915953,35,19.0,240.0,153.0,2.0750206,3.6726942,0.3015873,2.5434792,68.92444,0
6bba_5f89039d,915954,35,33.0,179.0,173.0,2.041009,3.5879273,0.52380955,2.5434792,68.92444,0
6bba_5f89039d,915955,35,38.0,165.0,153.0,2.0028753,3.5117917,0.6031746,2.5434792,68.92444,0
6bba_5f89039d,915956,35,48.0,116.0,148.0,1.9696186,3.0653138,0.7619048,2.5434792,68.92444,0
6bba_5f89039d,915957,35,30.0,214.0,116.0,1.8021463,3.580548,0.47619048,2.5434792,68.92444,0
6bba_5f89039d,915958,35,27.0,240.0,29.0,1.6441294,3.736848,0.42857143,2.5434792,68.92444,0
6bba_5f89039d,915959,35,56.0,99.0,91.0,1.4415632,2.701792,0.8888889,2.5401762,68.65625,1
6bba_5f89039d,915960,35,55.0,102.0,98.0,1.4600253,2.76453,0.8730159,2.5434792,68.92444,1
6bba_5f89039d,915961,35,13.0,245.0,193.0,1.4429376,3.4448755,0.20634921,2.5434792,68.92444,0
6bba_5f89039d,915962,35,45.0,160.0,84.0,1.4289565,3.406351,0.71428573,2.5434792,68.92444,0
6bba_5f89039d,915963,36,37.0,201.0,49.0,2.527062,3.056171,0.5873016,2.5434792,68.92444,0
6bba_5f89039d,915964,36,19.0,241.0,150.0,2.1183894,3.655048,0.3015873,2.5434792,68.92444,0
6bba_5f89039d,915965,36,33.0,179.0,172.0,1.9667506,3.549531,0.52380955,2.5434792,68.92444,0
6bba_5f89039d,915966,36,48.0,117.0,145.0,1.9340538,2.92242,0.7619048,2.5401762,68.65625,0
6bba_5f89039d,915967,36,38.0,165.0,151.0,1.9252261,3.4163399,0.6031746,2.5434792,68.92444,0
6bba_5f89039d,915968,36,30.0,213.0,114.0,1.8239542,3.5411909,0.47619048,2.5401762,68.65625,0
6bba_5f89039d,915969,36,55.0,104.0,96.0,1.6026125,3.0116844,0.8730159,2.5434792,68.92444,0
6bba_5f89039d,915970,36,28.0,238.0,27.0,1.5920521,3.8607385,0.44444445,2.5434792,68.92444,0
6bba_5f89039d,915971,37,37.0,203.0,48.0,2.314189,3.0786815,0.5873016,2.5434792,68.92444,0
6bba_5f89039d,915972,37,19.0,241.0,148.0,2.0074983,3.5714338,0.3015873,2.5434792,68.92444,0
6bba_5f89039d,915973,37,23.0,247.0,78.0,1.9532775,2.8386889,0.36507937,2.5401762,68.65625,0
6bba_5f89039d,915974,37,33.0,180.0,170.0,1.9163387,3.245506,0.52380955,2.5434792,68.92444,0
6bba_5f89039d,915975,37,48.0,118.0,141.0,1.9166973,2.9948297,0.7619048,2.5434792,68.92444,0
6bba_5f89039d,915976,37,37.0,167.0,149.0,1.8664944,3.515814,0.5873016,2.5434792,68.92444,0
6bba_5f89039d,915977,37,30.0,213.0,114.0,1.7606742,3.3492143,0.47619048,2.5434792,68.92444,0
6bba_5f89039d,915978,37,55.0,103.0,91.0,1.6454513,2.9686632,0.8730159,2.5401762,68.65625,0
6bba_5f89039d,915979,37,46.0,166.0,18.0,1.5669433,3.0532968,0.73015875,2.5434792,68.92444,0
6bba_5f89039d,915980,37,46.0,157.0,77.0,1.5429099,3.3050022,0.73015875,2.5434792,68.92444,0
6bba_5f89039d,915981,37,13.0,247.0,187.0,1.5129316,3.5354705,0.20634921,2.5434792,68.92444,0
6bba_5f89039d,915982,37,28.0,236.0,28.0,1.483491,3.5329297,0.44444445,2.5434792,68.92444,0
6bba_5f89039d,915983,38,31.0,185.0,171.0,2.0360575,3.4600496,0.4920635,2.5434792,68.92444,0
6bba_5f89039d,915984,38,18.0,245.0,145.0,2.013219,3.5486407,0.2857143,2.5434792,68.92444,0
6bba_5f89039d,915985,38,37.0,202.0,46.0,1.9742787,3.0324037,0.5873016,2.5434792,68.92444,1
6bba_5f89039d,915986,38,49.0,120.0,137.0,1.9448904,3.1017885,0.7777778,2.5434792,68.92444,0
6bba_5f89039d,915987,38,37.0,202.0,52.0,1.9416865,3.3323483,0.5873016,2.5434792,68.92444,1
6bba_5f89039d,915988,38,37.0,168.0,151.0,1.8714908,3.653224,0.5873016,2.5434792,68.92444,0
6bba_5f89039d,915989,38,30.0,215.0,109.0,1.762138,3.5613983,0.47619048,2.5434792,68.92444,0
6bba_5f89039d,915990,38,55.0,103.0,89.0,1.7245046,2.8541355,0.8730159,2.5401762,68.65625,0
6bba_5f89039d,915991,38,13.0,249.0,184.0,1.6453168,3.6038444,0.20634921,2.5434792,68.92444,0
6bba_5f89039d,915992,38,45.0,172.0,17.0,1.6348611,3.2979953,0.71428573,2.5434792,68.92444,0
6bba_5f89039d,915993,38,48.0,153.0,72.0,1.5370921,2.714144,0.7619048,2.5401762,68.65625,1
6bba_5f89039d,915994,38,12.0,150.0,238.0,1.6068994,2.128051,0.1904762,2.5434792,68.92444,0
6bba_5f89039d,915995,38,29.0,235.0,28.0,1.4412049,3.5536883,0.46031746,2.5434792,68.92444,0
6bba_5f89039d,915996,38,53.0,82.0,163.0,1.4414514,3.4490216,0.84126985,2.5434792,68.92444,0
6bba_5f89039d,915997,38,45.0,161.0,70.0,1.4065961,2.414485,0.71428573,2.5434792,68.92444,1
6bba_5f89039d,915998,39,31.0,184.0,170.0,2.081742,3.3273795,0.4920635,2.5434792,68.92444,0
6bba_5f89039d,915999,39,19.0,243.0,145.0,2.0500383,3.7428381,0.3015873,2.5434792,68.92444,0
6bba_5f89039d,916000,39,37.0,201.0,44.0,1.915405,3.3157492,0.5873016,2.5434792,68.92444,0
6bba_5f89039d,916001,39,48.0,118.0,140.0,1.9174365,2.9581692,0.7619048,2.5434792,68.92444,0
6bba_5f89039d,916002,39,30.0,214.0,107.0,1.7746701,3.6905117,0.47619048,2.5434792,68.92444,0
6bba_5f89039d,916003,39,37.0,167.0,150.0,1.7558496,3.3461244,0.5873016,2.5434792,68.92444,0
6bba_5f89039d,916004,39,13.0,249.0,182.0,1.6842648,3.502826,0.20634921,2.5434792,68.92444,0
6bba_5f89039d,916005,39,56.0,101.0,88.0,1.6943098,2.941672,0.8888889,2.5434792,68.92444,0
6bba_5f89039d,916006,39,47.0,153.0,72.0,1.6939439,3.1810136,0.74603176,2.5434792,68.92444,0
6bba_5f89039d,916007,39,45.0,172.0,13.0,1.6077657,3.1679447,0.71428573,2.5434792,68.92444,0
6bba_5f89039d,916008,39,13.0,149.0,236.0,1.6298349,2.0654593,0.20634921,2.5434792,68.92444,0
6bba_5f89039d,916009,39,28.0,236.0,28.0,1.4247146,3.6859977,0.44444445,2.5434792,68.92444,0
6bba_5f89039d,916010,39,53.0,82.0,160.0,1.4085827,3.3991492,0.84126985,2.5434792,68.92444,0
6bba_5f89039d,916011,39,59.0,105.0,13.0,1.2929715,2.5266895,0.93650794,2.5434792,68.92444,0
6bba_5f89039d,916012,40,21.0,252.0,76.0,2.1022222,2.709713,0.33333334,2.5401762,68.65625,0
6bba_5f89039d,916013,40,31.0,184.0,166.0,2.0720255,2.9125662,0.4920635,2.5434792,68.92444,0
6bba_5f89039d,916014,40,19.0,243.0,139.0,2.062966,3.712573,0.3015873,2.5434792,68.92444,0
6bba_5f89039d,916015,40,49.0,112.0,138.0,2.0016654,3.0235164,0.7777778,2.5434792,68.92444,0
6bba_5f89039d,916016,40,37.0,199.0,48.0,1.9295056,3.2131016,0.5873016,2.5434792,68.92444,0
6bba_5f89039d,916017,40,48.0,150.0,72.0,1.8546121,3.4929256,0.7619048,2.5434792,68.92444,0
6bba_5f89039d,916018,40,38.0,162.0,148.0,1.825941,3.4218266,0.6031746,2.5434792,68.92444,0
6bba_5f89039d,916019,40,31.0,208.0,110.0,1.7760218,2.9895718,0.4920635,2.5434792,68.92444,0
6bba_5f89039d,916020,40,13.0,248.0,180.0,1.7535195,3.47301,0.20634921,2.5434792,68.92444,0
6bba_5f89039d,916021,40,56.0,98.0,81.0,1.728194,3.2733738,0.8888889,2.5434792,68.92444,0
6bba_5f89039d,916022,40,45.0,171.0,10.0,1.592799,3.1783004,0.71428573,2.5434792,68.92444,0
6bba_5f89039d,916023,40,13.0,149.0,231.0,1.6238228,2.1375983,0.20634921,2.5434792,68.92444,0
6bba_5f89039d,916024,40,29.0,232.0,28.0,1.4768964,3.6364143,0.46031746,2.5434792,68.92444,0
6bba_5f89039d,916025,40,53.0,79.0,162.0,1.4575906,3.3409386,0.84126985,2.5434792,68.92444,0
6bba_5f89039d,916026,40,56.0,111.0,13.0,1.3384542,2.4525392,0.8888889,2.5401762,68.65625,1
6bba_5f89039d,916027,40,58.0,103.0,14.0,1.3253546,2.4555514,0.9206349,2.5434792,68.92444,1
6bba_5f89039d,916028,40,5.0,158.0,245.0,1.3588878,1.6919229,0.07936508,2.5434792,68.92444,0
6bba_5f89039d,916029,41,31.0,184.0,161.0,2.1408098,3.4976342,0.4920635,2.5434792,68.92444,0
6bba_5f89039d,916030,41,21.0,251.0,77.0,2.12535,2.7561803,0.33333334,2.5434792,68.92444,0
6bba_5f89039d,916031,41,19.0,241.0,137.0,1.9679083,3.6849358,0.3015873,2.5434792,68.92444,0
6bba_5f89039d,916032,41,49.0,111.0,137.0,1.9692153,3.2395344,0.7777778,2.5434792,68.92444,0
6bba_5f89039d,916033,41,38.0,160.0,147.0,1.8892881,3.670623,0.6031746,2.5434792,68.92444,0
6bba_5f89039d,916034,41,45.0,168.0,10.0,1.8037072,3.2445922,0.71428573,2.5434792,68.92444,0
6bba_5f89039d,916035,41,13.0,249.0,175.0,1.7480526,3.474,0.20634921,2.5434792,68.92444,0
6bba_5f89039d,916036,41,48.0,148.0,71.0,1.777889,3.2302477,0.7619048,2.5434792,68.92444,0
6bba_5f89039d,916037,41,37.0,195.0,52.0,1.7223911,3.300333,0.5873016,2.5434792,68.92444,0
6bba_5f89039d,916038,41,56.0,98.0,76.0,1.644458,3.1514385,0.8888889,2.5401762,68.65625,0
6bba_5f89039d,916039,41,59.0,102.0,10.0,1.6013578,2.6571617,0.93650794,2.5401762,68.65625,0
6bba_5f89039d,916040,41,31.0,206.0,108.0,1.61799,3.0468388,0.4920635,2.5434792,68.92444,0
6bba_5f89039d,916041,41,13.0,149.0,225.0,1.656609,2.3408508,0.20634921,2.5434792,68.92444,0
6bba_5f89039d,916042,41,29.0,231.0,28.0,1.4981889,4.0753846,0.46031746,2.5434792,68.92444,0
6bba_5f89039d,916043,41,53.0,78.0,159.0,1.3803893,3.4080877,0.84126985,2.5434792,68.92444,0
6bba_5f89039d,916044,41,6.0,160.0,240.0,1.344877,1.7829332,0.0952381,2.5434792,68.92444,0
6bba_5f89039d,916045,42,32.0,186.0,159.0,2.2772577,3.2613277,0.50793654,2.5434792,68.92444,0
6bba_5f89039d,916046,42,21.0,252.0,75.0,2.0517035,2.4669871,0.33333334,2.5401762,68.65625,0
6bba_5f89039d,916047,42,48.0,112.0,137.0,2.02248,3.259426,0.7619048,2.5401762,68.65625,0
6bba_5f89039d,916048,42,19.0,243.0,135.0,2.003159,3.6890092,0.3015873,2.5434792,68.92444,0
6bba_5f89039d,916049,42,38.0,197.0,39.0,1.8424236,3.298192,0.6031746,2.5434792,68.92444,1
6bba_5f89039d,916050,42,13.0,250.0,174.0,1.8239393,3.4148557,0.20634921,2.5434792,68.92444,0
6bba_5f89039d,916051,42,38.0,161.0,147.0,1.8346714,3.4035723,0.6031746,2.5434792,68.92444,0
6bba_5f89039d,916052,42,38.0,195.0,51.0,1.7942001,3.108397,0.6031746,2.5434792,68.92444,1
6bba_5f89039d,916053,42,56.0,97.0,78.0,1.6959454,2.9574451,0.8888889,2.5401762,68.65625,0
6bba_5f89039d,916054,42,14.0,150.0,223.0,1.667752,2.1779282,0.22222222,2.5434792,68.92444,0
6bba_5f89039d,916055,42,49.0,147.0,70.0,1.5764132,2.8165996,0.7777778,2.5401762,68.65625,0
6bba_5f89039d,916056,42,59.0,102.0,8.0,1.5474806,2.7008564,0.93650794,2.5434792,68.92444,0
6bba_5f89039d,916057,42,45.0,169.0,7.0,1.5206391,2.8669467,0.71428573,2.5434792,68.92444,0
6bba_5f89039d,916058,42,32.0,205.0,106.0,1.5623351,2.9658525,0.50793654,2.5434792,68.92444,0
6bba_5f89039d,916059,42,29.0,232.0,27.0,1.5354713,3.6804984,0.46031746,2.5434792,68.92444,0
6bba_5f89039d,916060,43,31.0,192.0,153.0,2.273785,3.1633637,0.4920635,2.5434792,68.92444,0
6bba_5f89039d,916061,43,21.0,253.0,74.0,2.0878997,2.4192164,0.33333334,2.4652207,62.756104,0
6bba_5f89039d,916062,43,12.0,253.0,172.0,1.9342182,3.0540507,0.1904762,2.4687274,63.024292,0
6bba_5f89039d,916063,43,18.0,246.0,133.0,1.984787,3.4757397,0.2857143,2.5434792,68.92444,0
6bba_5f89039d,916064,43,49.0,112.0,133.0,1.9045386,3.021672,0.7777778,2.5434792,68.92444,0
6bba_5f89039d,916065,43,38.0,197.0,49.0,1.8005184,3.4483736,0.6031746,2.5434792,68.92444,0
6bba_5f89039d,916066,43,32.0,206.0,104.0,1.7587472,3.085737,0.50793654,2.5434792,68.92444,0
6bba_5f89039d,916067,43,29.0,233.0,25.0,1.6971852,3.9270182,0.46031746,2.5434792,68.92444,0
6bba_5f89039d,916068,43,39.0,159.0,146.0,1.6723154,3.3231442,0.61904764,2.5434792,68.92444,0
6bba_5f89039d,916069,43,45.0,170.0,7.0,1.6348014,3.1936073,0.71428573,2.5434792,68.92444,0
6bba_5f89039d,916070,43,13.0,150.0,222.0,1.6542566,2.2971365,0.20634921,2.5434792,68.92444,0
6bba_5f89039d,916071,43,56.0,97.0,79.0,1.5930976,3.0091014,0.8888889,2.5401762,68.65625,0
6bba_5f89039d,916072,43,49.0,147.0,71.0,1.5001233,2.9231231,0.7777778,2.5401762,68.65625,0
6bba_5f89039d,916073,43,54.0,79.0,153.0,1.4259917,3.3169222,0.85714287,2.5434792,68.92444,0
6bba_5f89039d,916074,43,39.0,135.0,201.0,1.3948034,2.788749,0.61904764,2.5434792,68.92444,1
6bba_5f89039d,916075,43,40.0,131.0,202.0,1.3937876,2.663139,0.63492066,2.5434792,68.92444,1
6bba_5f89039d,916076,43,59.0,102.0,6.0,1.339582,2.4441009,0.93650794,2.5434792,68.92444,0
6bba_5f89039d,916077,44,31.0,195.0,152.0,2.617833,3.8994038,0.4920635,2.5434792,68.92444,0
6bba_5f89039d,916078,44,20.0,244.0,131.0,2.0119495,3.6426349,0.31746033,2.5434792,68.92444,0
6bba_5f89039d,916079,44,38.0,198.0,46.0,1.9436507,3.6180866,0.6031746,2.5434792,68.92444,0
6bba_5f89039d,916080,44,50.0,112.0,133.0,1.8992733,2.942391,0.7936508,2.5434792,68.92444,0
6bba_5f89039d,916081,44,40.0,158.0,147.0,1.8156494,3.5330236,0.63492066,2.5434792,68.92444,0
6bba_5f89039d,916082,44,33.0,205.0,103.0,1.7986811,2.921655,0.52380955,2.5434792,68.92444,0
6bba_5f89039d,916083,44,13.0,252.0,171.0,1.7854036,3.623565,0.20634921,2.5401762,68.65625,0
6bba_5f89039d,916084,44,29.0,234.0,27.0,1.6604854,3.5722713,0.46031746,2.5434792,68.92444,0
6bba_5f89039d,916085,44,14.0,150.0,221.0,1.6389912,2.3063445,0.22222222,2.5401762,68.65625,0
6bba_5f89039d,916086,45,31.0,198.0,149.0,2.6043751,4.04081,0.4920635,2.5434792,68.92444,0
6bba_5f89039d,916087,45,21.0,245.0,127.0,2.3386557,3.8622494,0.33333334,2.5434792,68.92444,0
6bba_5f89039d,916088,45,48.0,154.0,65.0,2.121743,3.7418802,0.7619048,2.5434792,68.92444,0
6bba_5f89039d,916089,45,50.0,113.0,134.0,1.9230602,3.0279536,0.7936508,2.5401762,68.65625,0
6bba_5f89039d,916090,45,33.0,207.0,99.0,1.8188012,3.55713,0.52380955,2.5434792,68.92444,0
6bba_5f89039d,916091,46,32.0,199.0,145.0,2.4663136,4.011163,0.50793654,2.5401762,68.65625,0
6bba_5f89039d,916092,46,21.0,244.0,128.0,2.263792,3.6924317,0.33333334,2.5434792,68.92444,0
6bba_5f89039d,916093,46,47.0,159.0,63.0,2.106903,3.782489,0.74603176,2.5434792,68.92444,0
6bba_5f89039d,916094,46,50.0,113.0,134.0,1.9311038,3.0210404,0.7936508,2.5434792,68.92444,0
6bba_5f89039d,916095,46,27.0,245.0,15.0,1.8694369,4.074808,0.42857143,2.5434792,68.92444,0
6bba_5f89039d,916096,46,33.0,207.0,100.0,1.7003592,3.4589288,0.52380955,2.5434792,68.92444,0
6bba_5f89039d,916097,46,57.0,105.0,62.0,1.6678268,3.343111,0.9047619,2.5401762,68.65625,0
6bba_5f89039d,916098,46,40.0,159.0,146.0,1.6642269,3.47129,0.63492066,2.5434792,68.92444,0
6bba_5f89039d,916099,46,41.0,138.0,197.0,1.6603135,3.0198565,0.6507937,2.5434792,68.92444,0
6bba_5f89039d,916100,47,30.0,202.0,143.0,2.6734352,3.5251064,0.47619048,2.5434792,68.92444,0
6bba_5f89039d,916101,47,21.0,246.0,121.0,2.1745298,3.5961223,0.33333334,2.5434792,68.92444,0
6bba_5f89039d,916102,47,46.0,161.0,60.0,1.9661157,3.4850852,0.73015875,2.5434792,68.92444,0
6bba_5f89039d,916103,47,33.0,220.0,34.0,1.7975533,3.3159142,0.52380955,2.5401762,68.65625,0
6bba_5f89039d,916104,47,50.0,115.0,130.0,1.8537682,2.9495907,0.7936508,2.5434792,68.92444,0
6bba_5f89039d,916105,47,40.0,158.0,145.0,1.719344,3.5354483,0.63492066,2.5434792,68.92444,0
6bba_5f89039d,916106,48,30.0,202.0,142.0,2.6629872,3.6390133,0.47619048,2.5434792,68.92444,0
6bba_5f89039d,916107,48,21.0,246.0,118.0,2.057761,3.7094772,0.33333334,2.5401762,68.65625,0
6bba_5f89039d,916108,48,33.0,221.0,31.0,1.9389307,3.4829082,0.52380955,2.5434792,68.92444,0
6bba_5f89039d,916109,48,46.0,161.0,62.0,1.9170258,3.3318167,0.73015875,2.5434792,68.92444,0
6bba_5f89039d,916110,48,49.0,118.0,130.0,1.900528,2.9206233,0.7777778,2.5401762,68.65625,0
6bba_5f89039d,916111,48,41.0,158.0,141.0,1.8362771,3.735868,0.6507937,2.5434792,68.92444,0
6bba_5f89039d,916112,48,33.0,208.0,94.0,1.7486426,3.331778,0.52380955,2.5434792,68.92444,0
6bba_5f89039d,916113,49,30.0,202.0,141.0,2.530729,3.4694734,0.47619048,2.5434792,68.92444,0
6bba_5f89039d,916114,49,46.0,161.0,60.0,2.0784185,3.2533886,0.73015875,2.5434792,68.92444,0
6bba_5f89039d,916115,49,33.0,223.0,30.0,1.9609925,3.3874493,0.52380955,2.5401762,68.65625,0
6bba_5f89039d,916116,49,21.0,246.0,116.0,1.9356893,3.8077884,0.33333334,2.5434792,68.92444,0
6bba_5f89039d,916117,49,49.0,117.0,130.0,1.9159204,2.9945095,0.7777778,2.5401762,68.65625,0
6bba_5f89039d,916118,49,40.0,158.0,142.0,1.7161027,3.4307182,0.63492066,2.5434792,68.92444,0
6bba_5f89039d,916119,50,31.0,200.0,147.0,2.6277437,3.4682338,0.4920635,2.5434792,68.92444,0
6bba_5f89039d,916120,50,33.0,223.0,26.0,2.135918,3.3881125,0.52380955,2.5401762,68.65625,0
6bba_5f89039d,916121,50,49.0,120.0,129.0,1.9713588,3.0190077,0.7777778,2.5401762,68.65625,0
6bba_5f89039d,916122,50,22.0,246.0,110.0,1.9241656,3.4709654,0.34920636,2.5434792,68.92444,0
6bba_5f89039d,916123,50,46.0,164.0,59.0,1.7828554,3.023638,0.73015875,2.5434792,68.92444,0
6bba_5f89039d,916124,50,41.0,158.0,141.0,1.7696364,3.6617093,0.6507937,2.5434792,68.92444,0
6bba_5f89039d,916125,51,31.0,199.0,148.0,2.681337,3.787384,0.4920635,2.5434792,68.92444,0
6bba_5f89039d,916126,51,33.0,224.0,24.0,1.9362047,3.262305,0.52380955,2.5434792,68.92444,0
6bba_5f89039d,916127,51,46.0,165.0,58.0,1.8959126,3.4158814,0.73015875,2.5434792,68.92444,0
6bba_5f89039d,916128,51,50.0,118.0,128.0,1.9277503,3.045905,0.7936508,2.5434792,68.92444,0
6bba_5f89039d,916129,52,31.0,202.0,146.0,2.4734309,3.4976115,0.4920635,2.5434792,68.92444,0
6bba_5f89039d,916130,52,46.0,166.0,57.0,1.9931442,3.505138,0.73015875,2.5401762,68.65625,0
6bba_5f89039d,916131,52,22.0,247.0,105.0,1.8192416,3.2842088,0.34920636,2.5434792,68.92444,0
6bba_5f89039d,916132,52,50.0,119.0,126.0,1.8745753,2.741492,0.7936508,2.5434792,68.92444,0
6bba_5f89039d,916133,52,41.0,160.0,140.0,1.6815164,3.574601,0.6507937,2.5434792,68.92444,0
6bba_5f89039d,916134,52,58.0,105.0,49.0,1.549497,2.893706,0.9206349,2.5434792,68.92444,0
6bba_5f89039d,916135,52,38.0,152.0,191.0,1.5598109,2.5696487,0.6031746,2.5434792,68.92444,0
6bba_5f89039d,916136,52,17.0,158.0,180.0,1.539788,2.4593744,0.26984128,2.5434792,68.92444,0
6bba_5f89039d,916137,53,31.0,202.0,146.0,2.4734309,3.4976115,0.4920635,2.5434792,68.92444,0
6bba_5f89039d,916138,53,46.0,166.0,57.0,1.9931442,3.505138,0.73015875,2.5401762,68.65625,0
6bba_5f89039d,916139,53,22.0,247.0,105.0,1.8192416,3.2842088,0.34920636,2.5434792,68.92444,0
6bba_5f89039d,916140,53,50.0,119.0,126.0,1.8745753,2.741492,0.7936508,2.5434792,68.92444,0
6bba_5f89039d,916141,53,41.0,160.0,140.0,1.6815164,3.574601,0.6507937,2.5434792,68.92444,0
6bba_5f89039d,916142,53,58.0,105.0,49.0,1.549497,2.893706,0.9206349,2.5434792,68.92444,0
6bba_5f89039d,916143,53,38.0,152.0,191.0,1.5598109,2.5696487,0.6031746,2.5434792,68.92444,0
6bba_5f89039d,916144,53,17.0,158.0,180.0,1.539788,2.4593744,0.26984128,2.5434792,68.92444,0
6bba_5f89039d,916145,54,30.0,200.0,147.0,2.49556,3.4271455,0.47619048,2.5434792,68.92444,0
6bba_5f89039d,916146,54,50.0,117.0,126.0,1.870714,2.7702057,0.7936508,2.5434792,68.92444,0
6bba_5f89039d,916147,54,48.0,157.0,60.0,1.7741247,2.7856648,0.7619048,2.5401762,68.65625,0
6bba_5f89039d,916148,54,22.0,245.0,106.0,1.7500094,3.48322,0.34920636,2.5434792,68.92444,0
6bba_5f89039d,916149,55,30.0,201.0,145.0,2.8102496,3.8994164,0.47619048,2.5401762,68.65625,0
6bba_5f89039d,916150,55,23.0,244.0,107.0,1.840803,3.863306,0.36507937,2.5401762,68.65625,0
6bba_5f89039d,916151,55,51.0,116.0,124.0,1.8558967,2.7747095,0.8095238,2.5434792,68.92444,0
6bba_5f89039d,916152,56,31.0,198.0,147.0,2.6115897,3.9230685,0.4920635,2.5434792,68.92444,0
6bba_5f89039d,916153,56,23.0,244.0,103.0,1.8492348,3.7177079,0.36507937,2.5434792,68.92444,0
6bba_5f89039d,916154,56,47.0,160.0,61.0,1.849571,3.051828,0.74603176,2.5434792,68.92444,0
6bba_5f89039d,916155,56,51.0,114.0,124.0,1.7861714,2.6467712,0.8095238,2.5434792,68.92444,0
6bba_5f89039d,916156,57,28.0,196.0,145.0,2.168144,3.4543588,0.44444445,2.5434792,68.92444,0
6bba_5f89039d,916157,57,18.0,246.0,97.0,1.9571985,3.1894321,0.2857143,2.5434792,68.92444,0
6bba_5f89039d,916158,57,47.0,111.0,127.0,1.8668753,2.7719016,0.74603176,2.5401762,68.65625,0
6bba_5f89039d,916159,57,38.0,138.0,184.0,1.7327349,2.7282228,0.6031746,2.5434792,68.92444,0
6bba_5f89039d,916160,57,44.0,157.0,60.0,1.7295609,3.1623182,0.6984127,2.5434792,68.92444,0
6bba_5f89039d,916161,57,38.0,156.0,131.0,1.6035386,3.2914891,0.6031746,2.5434792,68.92444,0
6bba_5f89039d,916162,57,54.0,72.0,139.0,1.5523648,3.089716,0.85714287,2.5434792,68.92444,0
6bba_5f89039d,916163,57,30.0,209.0,82.0,1.4617803,3.2362592,0.47619048,2.5434792,68.92444,0
6bba_5f89039d,916164,57,53.0,106.0,53.0,1.4118389,3.0277305,0.84126985,2.5434792,68.92444,0
6bba_5f89039d,916165,57,60.0,53.0,90.0,1.4054253,2.5133443,0.95238096,2.5401762,68.65625,0
6bba_5f89039d,916166,57,19.0,221.0,175.0,1.3765879,4.479746,0.3015873,2.5434792,68.92444,0
6bba_5f89039d,916167,57,29.0,224.0,11.0,1.3623531,2.814879,0.46031746,2.5401762,68.65625,0
6bba_5f89039d,916168,57,13.0,161.0,170.0,1.4013683,1.6403602,0.20634921,2.5434792,68.92444,0
6bba_5f89039d,916169,58,32.0,195.0,141.0,2.1624532,3.017951,0.50793654,2.5434792,68.92444,0
6bba_5f89039d,916170,58,51.0,110.0,124.0,1.9690882,2.830893,0.8095238,2.5434792,68.92444,0
6bba_5f89039d,916171,58,22.0,249.0,93.0,1.8578833,2.9835458,0.34920636,2.5434792,68.92444,0
6bba_5f89039d,916172,58,41.0,141.0,181.0,1.8250446,3.0178874,0.6507937,2.5434792,68.92444,0
6bba_5f89039d,916173,58,56.0,108.0,47.0,1.5985048,2.6084433,0.8888889,2.5401762,68.65625,0
6bba_5f89039d,916174,58,32.0,227.0,11.0,1.5468307,3.2312346,0.50793654,2.5401762,68.65625,0
6bba_5f89039d,916175,58,48.0,156.0,59.0,1.5224315,3.0163953,0.7619048,2.5434792,68.92444,0
6bba_5f89039d,916176,58,60.0,67.0,127.0,1.5077151,2.5211108,0.95238096,2.5401762,68.65625,0
6bba_5f89039d,916177,58,42.0,154.0,130.0,1.5094439,3.2182226,0.6666667,2.5434792,68.92444,0
6bba_5f89039d,916178,58,22.0,224.0,169.0,1.4174552,4.463523,0.34920636,2.5434792,68.92444,0
6bba_5f89039d,916179,58,34.0,209.0,78.0,1.415827,3.0685568,0.53968257,2.5434792,68.92444,0
6bba_5f89039d,916180,58,17.0,160.0,164.0,1.3895009,1.688767,0.26984128,2.5434792,68.92444,0
6bba_5f89039d,916181,59,31.0,197.0,139.0,2.1888542,2.8683689,0.4920635,2.5401762,68.65625,1
6bba_5f89039d,916182,59,31.0,202.0,132.0,2.1963077,2.9489174,0.4920635,2.5434792,68.92444,1
6bba_5f89039d,916183,59,50.0,110.0,122.0,1.8457024,2.4398696,0.7936508,2.5401762,68.65625,0
6bba_5f89039d,916184,59,41.0,141.0,179.0,1.8617295,2.7119234,0.6507937,2.5434792,68.92444,0
6bba_5f89039d,916185,59,47.0,160.0,53.0,1.5916712,3.378155,0.74603176,2.5434792,68.92444,0
6bba_5f89039d,916186,59,60.0,66.0,124.0,1.5886441,2.5334342,0.95238096,2.5401762,68.65625,0
6bba_5f89039d,916187,59,33.0,226.0,8.0,1.5512968,3.2012098,0.52380955,2.5434792,68.92444,0
6bba_5f89039d,916188,59,22.0,249.0,90.0,1.4931701,2.8599908,0.34920636,2.5434792,68.92444,0
6bba_5f89039d,916189,59,56.0,108.0,44.0,1.4981816,2.5666897,0.8888889,2.5401762,68.65625,0
6bba_5f89039d,916190,59,22.0,226.0,165.0,1.4475306,4.491874,0.34920636,2.5434792,68.92444,0
6bba_5f89039d,916191,59,43.0,152.0,129.0,1.4974197,2.9705255,0.6825397,2.5434792,68.92444,0
6bba_5f89039d,916192,60,32.0,197.0,137.0,2.293696,3.093273,0.50793654,2.5434792,68.92444,0
6bba_5f89039d,916193,60,50.0,112.0,123.0,1.9164507,2.575169,0.7936508,2.5401762,68.65625,0
6bba_5f89039d,916194,60,41.0,143.0,178.0,1.8821707,2.9887054,0.6507937,2.5434792,68.92444,0
6bba_5f89039d,916195,60,48.0,159.0,53.0,1.8304069,3.565427,0.7619048,2.5434792,68.92444,0
6bba_5f89039d,916196,60,22.0,250.0,90.0,1.7393069,3.209613,0.34920636,2.5434792,68.92444,0
6bba_5f89039d,916197,60,57.0,108.0,42.0,1.7251619,2.5067139,0.9047619,2.5434792,68.92444,0
6bba_5f89039d,916198,60,60.0,69.0,122.0,1.5682356,2.817666,0.95238096,2.5401762,68.65625,0
6bba_5f89039d,916199,60,43.0,153.0,128.0,1.4678148,3.1562333,0.6825397,2.5434792,68.92444,0
6bba_5f89039d,916200,60,33.0,226.0,7.0,1.4106215,3.3088236,0.52380955,2.5434792,68.92444,0
6bba_5f89039d,916201,60,22.0,226.0,165.0,1.4011292,4.9014473,0.34920636,2.5434792,68.92444,0
6bba_5f89039d,916202,61,32.0,197.0,137.0,2.293696,3.093273,0.50793654,2.5434792,68.92444,0
6bba_5f89039d,916203,61,50.0,112.0,123.0,1.9164507,2.575169,0.7936508,2.5401762,68.65625,0
6bba_5f89039d,916204,61,41.0,143.0,178.0,1.8821707,2.9887054,0.6507937,2.5434792,68.92444,0
6bba_5f89039d,916205,61,48.0,159.0,53.0,1.8304069,3.565427,0.7619048,2.5434792,68.92444,0
6bba_5f89039d,916206,61,22.0,250.0,90.0,1.7393069,3.209613,0.34920636,2.5434792,68.92444,0
6bba_5f89039d,916207,61,57.0,108.0,42.0,1.7251619,2.5067139,0.9047619,2.5434792,68.92444,0
6bba_5f89039d,916208,61,60.0,69.0,122.0,1.5682356,2.817666,0.95238096,2.5401762,68.65625,0
6bba_5f89039d,916209,61,43.0,153.0,128.0,1.4678148,3.1562333,0.6825397,2.5434792,68.92444,0
6bba_5f89039d,916210,61,33.0,226.0,7.0,1.4106215,3.3088236,0.52380955,2.5434792,68.92444,0
6bba_5f89039d,916211,61,22.0,226.0,165.0,1.4011292,4.9014473,0.34920636,2.5434792,68.92444,0
6bba_5f89039d,916212,62,58.0,113.0,40.0,2.0925188,2.8708847,0.9206349,2.5434792,68.92444,0
6bba_5f89039d,916213,62,33.0,195.0,137.0,2.108927,2.7591715,0.52380955,2.5434792,68.92444,1
6bba_5f89039d,916214,62,32.0,199.0,134.0,2.0827053,2.7456667,0.50793654,2.5434792,68.92444,1
6bba_5f89039d,916215,62,49.0,156.0,55.0,1.9886031,3.3079453,0.7777778,2.5434792,68.92444,1
6bba_5f89039d,916216,62,49.0,158.0,49.0,1.948326,3.4496398,0.7777778,2.5434792,68.92444,1
6bba_5f89039d,916217,62,51.0,112.0,124.0,1.9836516,2.570724,0.8095238,2.5401762,68.65625,0
6bba_5f89039d,916218,62,41.0,143.0,179.0,1.8487046,2.9378154,0.6507937,2.5434792,68.92444,0
6bba_5f89039d,916219,62,23.0,249.0,90.0,1.7673136,3.2848651,0.36507937,2.5434792,68.92444,0
6bba_5f89039d,916220,62,42.0,155.0,127.0,1.6273702,3.416958,0.6666667,2.5434792,68.92444,0
6bba_5f89039d,916221,62,24.0,223.0,167.0,1.4414065,4.2879953,0.3809524,2.5434792,68.92444,0
6bba_5f89039d,916222,62,33.0,227.0,10.0,1.3978505,2.6155512,0.52380955,2.5434792,68.92444,1
6bba_5f89039d,916223,62,35.0,223.0,6.0,1.3800982,2.5368192,0.5555556,2.5434792,68.92444,1
6bba_5f89039d,916224,63,58.0,114.0,41.0,2.2400053,2.9147913,0.9206349,2.5401762,68.65625,0
6bba_5f89039d,916225,63,32.0,201.0,132.0,1.9696409,2.7429492,0.50793654,2.5434792,68.92444,0
6bba_5f89039d,916226,63,49.0,157.0,54.0,1.9497898,3.2635396,0.7777778,2.5434792,68.92444,0
6bba_5f89039d,916227,63,51.0,112.0,124.0,1.8917303,2.5097146,0.8095238,2.5401762,68.65625,0
6bba_5f89039d,916228,63,23.0,249.0,92.0,1.8349851,3.3871171,0.36507937,2.5434792,68.92444,0
6bba_5f89039d,916229,63,42.0,143.0,178.0,1.8318707,2.9151783,0.6666667,2.5434792,68.92444,0
6bba_5f89039d,916230,63,43.0,155.0,127.0,1.6607541,3.5127547,0.6825397,2.5434792,68.92444,0
6bba_5f89039d,916231,63,24.0,223.0,166.0,1.4478966,4.2298293,0.3809524,2.5434792,68.92444,0
6bba_5f89039d,916232,63,33.0,229.0,8.0,1.4356483,3.0898879,0.52380955,2.5434792,68.92444,0
6bba_5f89039d,916233,63,34.0,212.0,76.0,1.3904045,2.732413,0.53968257,2.5434792,68.92444,0
6bba_5f89039d,916234,64,58.0,115.0,42.0,2.1976743,3.1043544,0.9206349,2.5434792,68.92444,0
6bba_5f89039d,916235,64,33.0,201.0,131.0,2.001643,3.1188903,0.52380955,2.5434792,68.92444,0
6bba_5f89039d,916236,64,52.0,113.0,122.0,1.983465,2.694821,0.82539684,2.5434792,68.92444,0
6bba_5f89039d,916237,64,23.0,251.0,91.0,1.9563992,3.6072416,0.36507937,2.5434792,68.92444,0
6bba_5f89039d,916238,64,50.0,156.0,55.0,1.8799825,3.119648,0.7936508,2.5434792,68.92444,0
6bba_5f89039d,916239,64,42.0,145.0,178.0,1.7572687,2.8152673,0.6666667,2.5434792,68.92444,0
6bba_5f89039d,916240,64,44.0,152.0,129.0,1.7424364,3.3981056,0.6984127,2.5434792,68.92444,0
6bba_5f89039d,916241,64,33.0,230.0,10.0,1.4673666,2.8942134,0.52380955,2.5401762,68.65625,0
6bba_5f89039d,916242,64,24.0,226.0,163.0,1.4692563,4.259143,0.3809524,2.5434792,68.92444,0
6bba_5f89039d,916243,64,34.0,215.0,76.0,1.4039747,2.897218,0.53968257,2.5434792,68.92444,0
6bba_5f89039d,916244,65,59.0,114.0,44.0,2.1772482,2.8916557,0.93650794,2.5401762,68.65625,0
6bba_5f89039d,916245,65,24.0,250.0,90.0,2.112527,3.5668957,0.3809524,2.5434792,68.92444,0
6bba_5f89039d,916246,65,33.0,201.0,128.0,1.9483558,3.2588215,0.52380955,2.5434792,68.92444,0
6bba_5f89039d,916247,65,52.0,113.0,120.0,1.8908266,2.698605,0.82539684,2.5401762,68.65625,0
6bba_5f89039d,916248,65,51.0,156.0,56.0,1.7251917,3.009138,0.8095238,2.5401762,68.65625,0
6bba_5f89039d,916249,65,43.0,140.0,177.0,1.7152065,2.8998446,0.6825397,2.5434792,68.92444,0
6bba_5f89039d,916250,65,34.0,228.0,10.0,1.6727036,3.406335,0.53968257,2.5434792,68.92444,0
6bba_5f89039d,916251,65,44.0,151.0,130.0,1.7140266,3.1585658,0.6984127,2.5434792,68.92444,0
6bba_5f89039d,916252,65,24.0,227.0,160.0,1.4981441,4.1424212,0.3809524,2.5434792,68.92444,0
6bba_5f89039d,916253,65,34.0,214.0,76.0,1.4780914,2.8425314,0.53968257,2.5434792,68.92444,0
6bba_5f89039d,916254,66,58.0,116.0,45.0,2.0520024,2.9796774,0.9206349,2.5434792,68.92444,0
6bba_5f89039d,916255,66,52.0,114.0,122.0,1.927982,2.689137,0.82539684,2.5401762,68.65625,0
6bba_5f89039d,916256,66,33.0,203.0,127.0,1.8019822,2.848064,0.52380955,2.5434792,68.92444,1
6bba_5f89039d,916257,66,34.0,198.0,130.0,1.7963958,2.7208493,0.53968257,2.5434792,68.92444,1
6bba_5f89039d,916258,66,44.0,152.0,132.0,1.7064385,3.3174386,0.6984127,2.5434792,68.92444,0
6bba_5f89039d,916259,66,34.0,230.0,3.0,1.6474328,2.780394,0.53968257,2.5401762,68.65625,0
6bba_5f89039d,916260,66,42.0,142.0,181.0,1.6372137,2.7502708,0.6666667,2.5434792,68.92444,0
6bba_5f89039d,916261,66,50.0,157.0,58.0,1.4883978,2.8079066,0.7936508,2.5434792,68.92444,0
6bba_5f89039d,916262,66,34.0,217.0,74.0,1.4050502,2.7233744,0.53968257,2.5434792,68.92444,0
6bba_5f89039d,916263,67,24.0,252.0,93.0,2.034099,3.6525183,0.3809524,2.5401762,68.65625,0
6bba_5f89039d,916264,67,53.0,112.0,122.0,1.9909034,2.7069933,0.84126985,2.5434792,68.92444,0
6bba_5f89039d,916265,67,60.0,111.0,43.0,1.8272852,2.5253155,0.95238096,2.5401762,68.65625,0
6bba_5f89039d,916266,67,44.0,152.0,134.0,1.731301,3.448353,0.6984127,2.5434792,68.92444,0
6bba_5f89039d,916267,67,35.0,218.0,72.0,1.6363696,2.9788067,0.5555556,2.5401762,68.65625,0
6bba_5f89039d,916268,67,34.0,203.0,122.0,1.6713743,2.8623648,0.53968257,2.5434792,68.92444,0
6bba_5f89039d,916269,67,43.0,142.0,182.0,1.580476,2.5369813,0.6825397,2.5401762,68.65625,0
6bba_5f89039d,916270,67,20.0,169.0,143.0,1.4730875,1.995795,0.31746033,2.5434792,68.92444,0
6bba_5f89039d,916271,67,50.0,160.0,51.0,1.3974398,2.9289627,0.7936508,2.5434792,68.92444,0
6bba_5f89039d,916272,67,23.0,229.0,159.0,1.3418747,3.6738708,0.36507937,2.5434792,68.92444,0
6bba_5f89039d,916273,68,24.0,251.0,93.0,2.1308916,3.818857,0.3809524,2.5401762,68.65625,0
6bba_5f89039d,916274,68,53.0,113.0,120.0,2.0704122,2.7915952,0.84126985,2.5434792,68.92444,0
6bba_5f89039d,916275,68,60.0,110.0,45.0,1.7905021,2.3192186,0.95238096,2.5401762,68.65625,1
6bba_5f89039d,916276,68,58.0,117.0,45.0,1.6663854,2.0018616,0.9206349,2.5401762,68.65625,1
6bba_5f89039d,916277,68,34.0,204.0,120.0,1.6627855,2.911734,0.53968257,2.5434792,68.92444,1
6bba_5f89039d,916278,68,44.0,151.0,135.0,1.6005511,3.0564966,0.6984127,2.5434792,68.92444,0
6bba_5f89039d,916279,68,35.0,217.0,71.0,1.562746,2.923968,0.5555556,2.5434792,68.92444,0
6bba_5f89039d,916280,68,34.0,199.0,127.0,1.5740383,2.7004228,0.53968257,2.5434792,68.92444,1
6bba_5f89039d,916281,68,43.0,138.0,184.0,1.522058,2.4669123,0.6825397,2.5401762,68.65625,0
6bba_5f89039d,916282,69,53.0,113.0,121.0,2.135567,2.715943,0.84126985,2.5434792,68.92444,0
6bba_5f89039d,916283,69,24.0,250.0,94.0,2.0729442,3.613132,0.3809524,2.5401762,68.65625,0
6bba_5f89039d,916284,69,34.0,202.0,122.0,1.8316914,2.9168909,0.53968257,2.5434792,68.92444,0
6bba_5f89039d,916285,69,60.0,109.0,46.0,1.6737944,2.4232485,0.95238096,2.5401762,68.65625,0
6bba_5f89039d,916286,69,35.0,215.0,71.0,1.4968221,2.8186436,0.5555556,2.5434792,68.92444,0
6bba_5f89039d,916287,69,45.0,148.0,136.0,1.4802946,2.9098873,0.71428573,2.5434792,68.92444,0
6bba_5f89039d,916288,69,24.0,228.0,155.0,1.4544015,4.578854,0.3809524,2.5434792,68.92444,0
6bba_5f89039d,916289,69,43.0,138.0,184.0,1.492244,2.5306823,0.6825397,2.5434792,68.92444,1
6bba_5f89039d,916290,69,43.0,135.0,188.0,1.4933194,2.3344424,0.6825397,2.5434792,68.92444,1
6bba_5f89039d,916291,69,50.0,162.0,48.0,1.3178637,3.138719,0.7936508,2.5434792,68.92444,0
6bba_5f89039d,916292,69,20.0,168.0,141.0,1.3081099,1.8753276,0.31746033,2.5401762,68.65625,0
6bba_5f89039d,916293,70,24.0,249.0,98.0,2.4396589,3.655807,0.3809524,2.5434792,68.92444,0
6bba_5f89039d,916294,70,53.0,111.0,123.0,2.148181,2.7574954,0.84126985,2.5434792,68.92444,0
6bba_5f89039d,916295,70,34.0,202.0,123.0,2.0169609,3.2886248,0.53968257,2.5434792,68.92444,0
6bba_5f89039d,916296,70,44.0,150.0,136.0,1.6947206,3.2832866,0.6984127,2.5434792,68.92444,0
6bba_5f89039d,916297,70,35.0,215.0,72.0,1.5635153,2.8830569,0.5555556,2.5434792,68.92444,0
6bba_5f89039d,916298,70,43.0,134.0,187.0,1.5632089,2.7825644,0.6825397,2.5434792,68.92444,0
6bba_5f89039d,916299,70,61.0,106.0,50.0,1.4728224,2.3268943,0.96825397,2.4687274,63.024292,0
6bba_5f89039d,916300,71,53.0,110.0,122.0,2.0954766,2.643922,0.84126985,2.5434792,68.92444,0
6bba_5f89039d,916301,71,24.0,248.0,97.0,2.085028,3.6429226,0.3809524,2.5434792,68.92444,0
6bba_5f89039d,916302,71,33.0,204.0,122.0,1.9542409,3.291682,0.52380955,2.5434792,68.92444,0
6bba_5f89039d,916303,71,44.0,149.0,131.0,1.7333697,3.1795232,0.6984127,2.5434792,68.92444,0
6bba_5f89039d,916304,71,25.0,226.0,150.0,1.5449188,4.4098344,0.3968254,2.5434792,68.92444,0
6bba_5f89039d,916305,71,61.0,107.0,47.0,1.5622411,2.3532643,0.96825397,2.4687274,63.024292,1
6bba_5f89039d,916306,71,35.0,215.0,69.0,1.5163745,2.7800786,0.5555556,2.5434792,68.92444,0
6bba_5f89039d,916307,71,44.0,130.0,184.0,1.4674115,2.559685,0.6984127,2.5401762,68.65625,0
6bba_5f89039d,916308,71,58.0,115.0,48.0,1.388164,1.8937474,0.9206349,2.5434792,68.92444,1
6bba_5f89039d,916309,71,20.0,167.0,136.0,1.3683802,1.9148426,0.31746033,2.5434792,68.92444,1
6bba_5f89039d,916310,71,21.0,165.0,139.0,1.3435551,1.8933091,0.33333334,2.5401762,68.65625,1
6bba_5f89039d,916311,72,24.0,247.0,96.0,2.0753489,3.5881925,0.3809524,2.5434792,68.92444,0
6bba_5f89039d,916312,72,54.0,106.0,121.0,2.0372748,2.640183,0.85714287,2.5434792,68.92444,0
6bba_5f89039d,916313,72,34.0,204.0,117.0,2.0028603,3.3885815,0.53968257,2.5434792,68.92444,0
6bba_5f89039d,916314,72,45.0,147.0,129.0,1.8322142,3.4237318,0.71428573,2.5434792,68.92444,0
6bba_5f89039d,916315,72,27.0,220.0,146.0,1.6511872,4.22465,0.42857143,2.5434792,68.92444,0
6bba_5f89039d,916316,72,52.0,155.0,42.0,1.4574113,3.0537512,0.82539684,2.5434792,68.92444,0
6bba_5f89039d,916317,72,35.0,213.0,65.0,1.4080973,2.8181255,0.5555556,2.5401762,68.65625,0
6bba_5f89039d,916318,72,44.0,128.0,184.0,1.4472991,2.5908136,0.6984127,2.5434792,68.92444,0
6bba_5f89039d,916319,72,59.0,113.0,45.0,1.314473,1.9400927,0.93650794,2.5434792,68.92444,0
6bba_5f89039d,916320,72,22.0,161.0,133.0,1.2597744,1.7576435,0.34920636,2.5434792,68.92444,0
6bba_5f89039d,916321,73,34.0,204.0,118.0,2.071204,3.3153348,0.53968257,2.5434792,68.92444,0
6bba_5f89039d,916322,73,54.0,106.0,121.0,2.023115,2.5921881,0.85714287,2.5434792,68.92444,0
6bba_5f89039d,916323,73,23.0,249.0,97.0,2.0043166,3.4462788,0.36507937,2.5434792,68.92444,0
6bba_5f89039d,916324,73,45.0,146.0,127.0,1.7847898,3.1688917,0.71428573,2.5434792,68.92444,0
6bba_5f89039d,916325,73,27.0,220.0,147.0,1.6544434,4.323037,0.42857143,2.5434792,68.92444,0
6bba_5f89039d,916326,73,35.0,214.0,63.0,1.4056925,2.6973796,0.5555556,2.5401762,68.65625,0
6bba_5f89039d,916327,73,52.0,154.0,40.0,1.3911813,3.0210862,0.82539684,2.5434792,68.92444,0
6bba_5f89039d,916328,73,45.0,126.0,185.0,1.3757665,2.5536559,0.71428573,2.5434792,68.92444,0
6bba_5f89039d,916329,73,22.0,160.0,130.0,1.3536972,1.8733194,0.34920636,2.5434792,68.92444,0
6bba_5f89039d,916330,74,35.0,203.0,117.0,2.1502497,3.394245,0.5555556,2.5434792,68.92444,0
6bba_5f89039d,916331,74,23.0,251.0,97.0,2.0429735,3.1263442,0.36507937,2.5434792,68.92444,0
6bba_5f89039d,916332,74,54.0,106.0,122.0,1.9861536,2.5318737,0.85714287,2.5401762,68.65625,0
6bba_5f89039d,916333,74,46.0,147.0,126.0,1.7685012,3.3794208,0.73015875,2.5434792,68.92444,0
6bba_5f89039d,916334,74,27.0,220.0,149.0,1.6979021,4.6448464,0.42857143,2.5434792,68.92444,0
6bba_5f89039d,916335,74,53.0,151.0,46.0,1.397522,2.389589,0.84126985,2.5401762,68.65625,0
6bba_5f89039d,916336,75,34.0,204.0,119.0,2.0761929,3.3367598,0.53968257,2.5434792,68.92444,0
6bba_5f89039d,916337,75,23.0,252.0,97.0,2.0128584,3.196325,0.36507937,2.5401762,68.65625,0
6bba_5f89039d,916338,75,54.0,108.0,119.0,1.8795344,2.4303422,0.85714287,2.5401762,68.65625,0
6bba_5f89039d,916339,75,53.0,152.0,45.0,1.732339,3.0101526,0.84126985,2.5434792,68.92444,0
6bba_5f89039d,916340,75,27.0,220.0,151.0,1.6850415,4.50844,0.42857143,2.5434792,68.92444,0
6bba_5f89039d,916341,75,46.0,146.0,127.0,1.6614338,3.3406312,0.73015875,2.5434792,68.92444,0
6bba_5f89039d,916342,75,46.0,122.0,183.0,1.3554896,3.2146885,0.73015875,2.5434792,68.92444,0
6bba_5f89039d,916343,75,36.0,212.0,64.0,1.2428583,2.663067,0.5714286,2.5401762,68.65625,0
6bba_5f89039d,916344,75,23.0,161.0,129.0,1.261365,1.6069756,0.36507937,2.5434792,68.92444,0
6bba_5f89039d,916345,75,43.0,82.0,249.0,1.2215732,2.6493049,0.6825397,2.5434792,68.92444,0
6bba_5f89039d,916346,75,57.0,67.0,168.0,1.1971813,3.0226605,0.9047619,2.5434792,68.92444,0
6bba_5f89039d,916347,76,34.0,204.0,119.0,2.0761929,3.3367598,0.53968257,2.5434792,68.92444,0
6bba_5f89039d,916348,76,23.0,252.0,97.0,2.0128584,3.196325,0.36507937,2.5401762,68.65625,0
6bba_5f89039d,916349,76,54.0,108.0,119.0,1.8795344,2.4303422,0.85714287,2.5401762,68.65625,0
6bba_5f89039d,916350,76,53.0,152.0,45.0,1.732339,3.0101526,0.84126985,2.5434792,68.92444,0
6bba_5f89039d,916351,76,27.0,220.0,151.0,1.6850415,4.50844,0.42857143,2.5434792,68.92444,0
6bba_5f89039d,916352,76,46.0,146.0,127.0,1.6614338,3.3406312,0.73015875,2.5434792,68.92444,0
6bba_5f89039d,916353,76,46.0,122.0,183.0,1.3554896,3.2146885,0.73015875,2.5434792,68.92444,0
6bba_5f89039d,916354,76,36.0,212.0,64.0,1.2428583,2.663067,0.5714286,2.5401762,68.65625,0
6bba_5f89039d,916355,76,23.0,161.0,129.0,1.261365,1.6069756,0.36507937,2.5434792,68.92444,0
6bba_5f89039d,916356,76,43.0,82.0,249.0,1.2215732,2.6493049,0.6825397,2.5434792,68.92444,0
6bba_5f89039d,916357,76,57.0,67.0,168.0,1.1971813,3.0226605,0.9047619,2.5434792,68.92444,0
6bba_5f89039d,916358,77,44.0,125.0,185.0,2.209295,4.592605,0.6984127,2.5434792,68.92444,0
6bba_5f89039d,916359,77,35.0,206.0,108.0,2.1332366,3.4986017,0.5555556,2.5434792,68.92444,0
6bba_5f89039d,916360,77,54.0,109.0,119.0,1.9847196,2.419778,0.85714287,2.5401762,68.65625,0
6bba_5f89039d,916361,77,23.0,251.0,95.0,1.912373,3.0181022,0.36507937,2.5434792,68.92444,0
6bba_5f89039d,916362,77,29.0,214.0,145.0,1.6358246,4.386429,0.46031746,2.5434792,68.92444,0
6bba_5f89039d,916363,77,53.0,151.0,38.0,1.5670254,3.0589972,0.84126985,2.5434792,68.92444,0
6bba_5f89039d,916364,77,46.0,154.0,113.0,1.4479339,3.0475664,0.73015875,2.5434792,68.92444,0
6bba_5f89039d,916365,78,35.0,207.0,108.0,2.3594105,3.6659899,0.5555556,2.5434792,68.92444,0
6bba_5f89039d,916366,78,23.0,252.0,97.0,2.0002174,3.2133362,0.36507937,2.5401762,68.65625,0
6bba_5f89039d,916367,78,55.0,108.0,119.0,1.97988,2.630669,0.8730159,2.5434792,68.92444,0
6bba_5f89039d,916368,78,44.0,122.0,188.0,1.9568847,4.0270424,0.6984127,2.5434792,68.92444,0
6bba_5f89039d,916369,78,29.0,215.0,143.0,1.5295788,3.8097687,0.46031746,2.5434792,68.92444,0
6bba_5f89039d,916370,78,46.0,155.0,113.0,1.4544313,3.0057204,0.73015875,2.5434792,68.92444,0
6bba_5f89039d,916371,78,54.0,148.0,41.0,1.4547973,2.8290138,0.85714287,2.5434792,68.92444,0
6bba_5f89039d,916372,79,34.0,210.0,103.0,2.1149914,3.5148318,0.53968257,2.5434792,68.92444,0
6bba_5f89039d,916373,79,22.0,251.0,100.0,1.983181,2.8606298,0.34920636,2.5434792,68.92444,0
6bba_5f89039d,916374,79,55.0,110.0,116.0,1.9112451,2.6584778,0.8730159,2.5434792,68.92444,0
6bba_5f89039d,916375,79,44.0,121.0,186.0,1.7324734,3.4722865,0.6984127,2.5434792,68.92444,0
6bba_5f89039d,916376,79,29.0,215.0,141.0,1.626713,4.147006,0.46031746,2.5434792,68.92444,0
6bba_5f89039d,916377,79,47.0,155.0,108.0,1.4778748,3.3054802,0.74603176,2.5434792,68.92444,0
6bba_5f89039d,916378,79,53.0,153.0,36.0,1.473528,2.9188054,0.84126985,2.5434792,68.92444,0
6bba_5f89039d,916379,79,24.0,167.0,114.0,1.3062727,1.5989592,0.3809524,2.5434792,68.92444,1
6bba_5f89039d,916380,79,25.0,167.0,109.0,1.3033301,1.6950654,0.3968254,2.5434792,68.92444,1
6bba_5f89039d,916381,80,35.0,208.0,104.0,2.1602724,3.5034263,0.5555556,2.5434792,68.92444,0
6bba_5f89039d,916382,80,44.0,121.0,186.0,2.0198286,4.422218,0.6984127,2.5434792,68.92444,0
6bba_5f89039d,916383,80,55.0,108.0,119.0,1.9747045,2.6144753,0.8730159,2.5434792,68.92444,0
6bba_5f89039d,916384,80,22.0,252.0,99.0,1.9065725,2.624718,0.34920636,2.5368643,68.38806,0
6bba_5f89039d,916385,80,47.0,154.0,108.0,1.513193,3.1678429,0.74603176,2.5434792,68.92444,0
6bba_5f89039d,916386,80,30.0,213.0,140.0,1.4824679,4.025121,0.47619048,2.5434792,68.92444,0
6bba_5f89039d,916387,80,54.0,149.0,35.0,1.4714445,2.8655787,0.85714287,2.5434792,68.92444,1
6bba_5f89039d,916388,80,53.0,152.0,35.0,1.4561566,2.6834333,0.84126985,2.5401762,68.65625,1
6bba_5f89039d,916389,81,36.0,205.0,102.0,2.2511556,3.656805,0.5714286,2.5434792,68.92444,0
6bba_5f89039d,916390,81,24.0,249.0,97.0,1.901581,3.4490526,0.3809524,2.5434792,68.92444,0
6bba_5f89039d,916391,81,56.0,108.0,115.0,1.8607436,2.511562,0.8888889,2.5434792,68.92444,0
6bba_5f89039d,916392,81,47.0,107.0,191.0,1.7279103,10.2665825,0.74603176,2.5434792,68.92444,0
6bba_5f89039d,916393,81,31.0,212.0,136.0,1.562507,4.1222234,0.4920635,2.5434792,68.92444,0
6bba_5f89039d,916394,81,54.0,153.0,32.0,1.54701,2.927289,0.85714287,2.5434792,68.92444,0
6bba_5f89039d,916395,81,44.0,130.0,183.0,1.4758583,5.975242,0.6984127,2.5434792,68.92444,0
6bba_5f89039d,916396,81,48.0,152.0,104.0,1.4650514,3.2040493,0.7619048,2.5434792,68.92444,0
6bba_5f89039d,916397,82,37.0,203.0,105.0,2.1595404,3.5854652,0.5873016,2.5434792,68.92444,0
6bba_5f89039d,916398,82,25.0,247.0,99.0,2.0792696,3.580625,0.3968254,2.5434792,68.92444,0
6bba_5f89039d,916399,82,47.0,104.0,193.0,1.7811825,10.852339,0.74603176,2.5434792,68.92444,0
6bba_5f89039d,916400,82,56.0,108.0,115.0,1.7823102,2.4912608,0.8888889,2.5434792,68.92444,0
6bba_5f89039d,916401,82,55.0,150.0,30.0,1.673174,3.0149724,0.8730159,2.5434792,68.92444,0
6bba_5f89039d,916402,82,31.0,211.0,139.0,1.6317692,4.3307467,0.4920635,2.5434792,68.92444,0
6bba_5f89039d,916403,82,43.0,134.0,180.0,1.5606174,6.1305623,0.6825397,2.5434792,68.92444,0
6bba_5f89039d,916404,82,48.0,151.0,108.0,1.5404378,3.0817842,0.7619048,2.5434792,68.92444,0
6bba_5f89039d,916405,83,36.0,205.0,103.0,2.3292232,3.3938327,0.5714286,2.5434792,68.92444,0
6bba_5f89039d,916406,83,56.0,104.0,121.0,1.9878412,2.5690374,0.8888889,2.5434792,68.92444,0
6bba_5f89039d,916407,83,25.0,247.0,101.0,1.9293039,3.495715,0.3968254,2.5434792,68.92444,0
6bba_5f89039d,916408,83,47.0,103.0,194.0,1.8185918,11.599787,0.74603176,2.5434792,68.92444,0
6bba_5f89039d,916409,83,43.0,134.0,180.0,1.7162148,8.489666,0.6825397,2.5434792,68.92444,0
6bba_5f89039d,916410,83,31.0,212.0,138.0,1.666602,4.5778112,0.4920635,2.5434792,68.92444,0
6bba_5f89039d,916411,83,56.0,147.0,35.0,1.6332704,2.611639,0.8888889,2.5401762,68.65625,0
6bba_5f89039d,916412,83,48.0,150.0,109.0,1.468599,2.6741118,0.7619048,2.5434792,68.92444,0
6bba_5f89039d,916413,84,38.0,200.0,104.0,2.3150406,3.4679577,0.6031746,2.5434792,68.92444,0
6bba_5f89039d,916414,84,25.0,247.0,103.0,2.0906668,3.3552055,0.3968254,2.5434792,68.92444,0
6bba_5f89039d,916415,84,56.0,103.0,125.0,1.8873761,2.3395717,0.8888889,2.5401762,68.65625,0
6bba_5f89039d,916416,84,48.0,99.0,198.0,1.8003391,11.109944,0.7619048,2.5434792,68.92444,0
6bba_5f89039d,916417,84,44.0,134.0,181.0,1.6289312,7.4194164,0.6984127,2.5434792,68.92444,0
6bba_5f89039d,916418,84,32.0,211.0,140.0,1.6078479,4.394794,0.50793654,2.5434792,68.92444,0
6bba_5f89039d,916419,84,56.0,145.0,37.0,1.5609685,2.7079291,0.8888889,2.5434792,68.92444,0
6bba_5f89039d,916420,84,50.0,147.0,107.0,1.4971508,3.0783136,0.7936508,2.5434792,68.92444,0
6bba_5f89039d,916421,85,38.0,201.0,106.0,2.186666,3.5127418,0.6031746,2.5434792,68.92444,0
6bba_5f89039d,916422,85,57.0,104.0,124.0,1.8950013,2.5598176,0.9047619,2.5434792,68.92444,0
6bba_5f89039d,916423,85,25.0,248.0,106.0,1.7942373,3.1713343,0.3968254,2.5434792,68.92444,0
6bba_5f89039d,916424,85,49.0,98.0,202.0,1.6410152,9.302869,0.7777778,2.5434792,68.92444,0
6bba_5f89039d,916425,85,32.0,213.0,140.0,1.5385857,4.228465,0.50793654,2.5434792,68.92444,0
6bba_5f89039d,916426,85,56.0,146.0,37.0,1.546898,2.6258502,0.8888889,2.5434792,68.92444,0
6bba_5f89039d,916427,85,45.0,137.0,180.0,1.4550064,5.0007114,0.71428573,2.5434792,68.92444,0
6bba_5f89039d,916428,85,51.0,148.0,108.0,1.4554845,3.124437,0.8095238,2.5434792,68.92444,0
6bba_5f89039d,916429,85,43.0,205.0,46.0,1.3036513,2.9054108,0.6825397,2.5401762,68.65625,0
6bba_5f89039d,916430,86,29.0,252.0,46.0,3.6219034,7.6608825,0.46031746,2.5401762,68.65625,0
6bba_5f89039d,916431,86,40.0,196.0,102.0,2.1774049,2.9642375,0.63492066,2.5434792,68.92444,0
6bba_5f89039d,916432,86,27.0,245.0,97.0,2.0777016,3.6991765,0.42857143,2.5434792,68.92444,0
6bba_5f89039d,916433,86,59.0,98.0,121.0,2.0871937,2.3629072,0.93650794,2.5434792,68.92444,0
6bba_5f89039d,916434,87,30.0,249.0,43.0,3.6612697,5.8786583,0.47619048,2.5434792,68.92444,0
6bba_5f89039d,916435,87,42.0,192.0,101.0,2.2373688,2.998797,0.6666667,2.5434792,68.92444,0
6bba_5f89039d,916436,87,27.0,245.0,97.0,2.0332272,3.5112708,0.42857143,2.5434792,68.92444,0
6bba_5f89039d,916437,87,58.0,100.0,119.0,1.9567131,2.2960508,0.9206349,2.5434792,68.92444,1
6bba_5f89039d,916438,87,58.0,103.0,115.0,1.9280493,2.3940704,0.9206349,2.5434792,68.92444,1
6bba_5f89039d,916439,88,30.0,252.0,42.0,3.5494466,3.8492029,0.47619048,2.5401762,68.65625,0
6bba_5f89039d,916440,88,42.0,193.0,99.0,2.2003407,3.099091,0.6666667,2.5434792,68.92444,0
6bba_5f89039d,916441,88,28.0,243.0,96.0,1.971157,3.4696934,0.44444445,2.5434792,68.92444,0
6bba_5f89039d,916442,89,30.0,251.0,45.0,3.753893,4.4576178,0.47619048,2.5434792,68.92444,0
6bba_5f89039d,916443,89,42.0,192.0,98.0,2.1799667,3.0893807,0.6666667,2.5434792,68.92444,0
6bba_5f89039d,916444,89,29.0,242.0,94.0,1.9328588,3.4352472,0.46031746,2.5434792,68.92444,0
6bba_5f89039d,916445,89,60.0,97.0,119.0,1.9290802,2.2126513,0.95238096,2.5401762,68.65625,0
6bba_5f89039d,916446,90,30.0,250.0,53.0,2.9236875,10.791519,0.47619048,2.5434792,68.92444,0
6bba_5f89039d,916447,90,35.0,240.0,40.0,2.327707,7.6555605,0.5555556,2.5434792,68.92444,0
6bba_5f89039d,916448,90,45.0,186.0,96.0,2.282598,3.2700117,0.71428573,2.5434792,68.92444,0
6bba_5f89039d,916449,90,61.0,97.0,118.0,1.9647567,2.474206,0.96825397,2.4687274,63.024292,0
6bba_5f89039d,916450,91,30.0,250.0,53.0,2.9236875,10.791519,0.47619048,2.5434792,68.92444,0
6bba_5f89039d,916451,91,35.0,240.0,40.0,2.327707,7.6555605,0.5555556,2.5434792,68.92444,0
6bba_5f89039d,916452,91,45.0,186.0,96.0,2.282598,3.2700117,0.71428573,2.5434792,68.92444,0
6bba_5f89039d,916453,91,61.0,97.0,118.0,1.9647567,2.474206,0.96825397,2.4687274,63.024292,0
6bba_5f89039d,916454,92,31.0,250.0,58.0,2.9186985,11.897349,0.4920635,2.5434792,68.92444,0
6bba_5f89039d,916455,92,34.0,237.0,82.0,2.305653,3.923662,0.53968257,2.5434792,68.92444,0
6bba_5f89039d,916456,92,47.0,182.0,93.0,2.2919855,3.3098261,0.74603176,2.5434792,68.92444,0
6bba_5f89039d,916457,92,37.0,234.0,42.0,2.0293283,8.010398,0.5873016,2.5434792,68.92444,0
6bba_5f89039d,916458,93,32.0,249.0,61.0,2.6258466,7.68038,0.50793654,2.5434792,68.92444,0
6bba_5f89039d,916459,93,35.0,234.0,86.0,2.3574986,3.9073884,0.5555556,2.5434792,68.92444,0
6bba_5f89039d,916460,93,49.0,177.0,95.0,2.1257234,3.3670468,0.7777778,2.5434792,68.92444,0
6bba_5f89039d,916461,93,38.0,234.0,42.0,1.8747097,7.7584734,0.6031746,2.5434792,68.92444,0
6bba_5f89039d,916462,94,33.0,248.0,62.0,2.4837375,6.5151634,0.52380955,2.5434792,68.92444,0
6bba_5f89039d,916463,94,37.0,229.0,82.0,2.0322187,3.0687945,0.5873016,2.5434792,68.92444,0
6bba_5f89039d,916464,94,49.0,174.0,99.0,1.9510295,3.2192452,0.7777778,2.5434792,68.92444,0
6bba_5f89039d,916465,94,38.0,234.0,41.0,1.8125725,6.9040594,0.6031746,2.5434792,68.92444,0
6bba_5f89039d,916466,95,33.0,247.0,62.0,2.165321,5.211043,0.52380955,2.5434792,68.92444,0
6bba_5f89039d,916467,95,36.0,230.0,79.0,2.1507351,3.4412541,0.5714286,2.5434792,68.92444,0
6bba_5f89039d,916468,95,38.0,236.0,38.0,1.7418165,6.5391865,0.6031746,2.5434792,68.92444,0
6bba_5f89039d,916469,95,49.0,173.0,100.0,1.7751256,3.281095,0.7777778,2.5434792,68.92444,0
6bba_5f89039d,916470,95,38.0,207.0,127.0,1.6631889,3.99012,0.6031746,2.5434792,68.92444,0
6bba_5f89039d,916471,95,56.0,149.0,83.0,1.6268401,3.100769,0.8888889,2.5434792,68.92444,0
6bba_5f89039d,916472,96,33.0,248.0,64.0,2.076977,5.136712,0.52380955,2.5434792,68.92444,0
6bba_5f89039d,916473,96,38.0,208.0,126.0,1.9258908,4.593446,0.6031746,2.5434792,68.92444,0
6bba_5f89039d,916474,96,36.0,230.0,80.0,1.8445895,3.4574685,0.5714286,2.5434792,68.92444,0
6bba_5f89039d,916475,96,48.0,176.0,102.0,1.7280374,3.0697265,0.7619048,2.5401762,68.65625,0
6bba_5f89039d,916476,96,38.0,236.0,39.0,1.5908796,5.7235804,0.6031746,2.5434792,68.92444,0
6bba_5f89039d,916477,96,56.0,149.0,82.0,1.4859631,2.9453115,0.8888889,2.5434792,68.92444,0
6bba_5f89039d,916478,97,36.0,230.0,81.0,2.0719733,3.7297654,0.5714286,2.5434792,68.92444,0
6bba_5f89039d,916479,97,32.0,250.0,63.0,1.8851355,4.457026,0.50793654,2.5434792,68.92444,0
6bba_5f89039d,916480,97,39.0,207.0,126.0,1.7874187,4.4112983,0.61904764,2.5434792,68.92444,0
6bba_5f89039d,916481,97,49.0,173.0,104.0,1.6445328,2.8679252,0.7777778,2.5434792,68.92444,0
6bba_5f89039d,916482,97,39.0,235.0,37.0,1.580954,6.137546,0.61904764,2.5434792,68.92444,0
6bba_5f89039d,916483,97,56.0,149.0,81.0,1.5641202,3.0103483,0.8888889,2.5434792,68.92444,0
6bba_5f89039d,916484,97,49.0,197.0,26.0,1.5468756,2.7791612,0.7777778,2.5434792,68.92444,0
6bba_5f89039d,916485,97,28.0,58.0,251.0,1.4636848,2.3238513,0.44444445,2.5434792,68.92444,0
6bba_5f89039d,916486,97,60.0,152.0,11.0,1.3832023,2.6358545,0.95238096,2.5368643,68.38806,0
6bba_5f89039d,916487,97,37.0,146.0,77.0,1.4057074,1.668826,0.5873016,2.5434792,68.92444,0
6bba_5f89039d,916488,98,39.0,226.0,77.0,2.026117,3.4463842,0.61904764,2.5434792,68.92444,0
6bba_5f89039d,916489,98,33.0,250.0,61.0,1.8100406,4.586211,0.52380955,2.5434792,68.92444,0
6bba_5f89039d,916490,98,39.0,208.0,124.0,1.855008,4.4639883,0.61904764,2.5434792,68.92444,0
6bba_5f89039d,916491,98,40.0,232.0,36.0,1.7815559,6.7800193,0.63492066,2.5434792,68.92444,0
6bba_5f89039d,916492,98,51.0,167.0,104.0,1.6967369,3.3313162,0.8095238,2.5434792,68.92444,0
6bba_5f89039d,916493,98,51.0,196.0,22.0,1.5107433,3.0151837,0.8095238,2.5401762,68.65625,0
6bba_5f89039d,916494,98,58.0,144.0,82.0,1.4783155,2.541875,0.9206349,2.5434792,68.92444,0
6bba_5f89039d,916495,98,38.0,146.0,73.0,1.4223918,1.7921888,0.6031746,2.5434792,68.92444,0
6bba_5f89039d,916496,99,38.0,227.0,76.0,2.1418178,3.380326,0.6031746,2.5434792,68.92444,0
6bba_5f89039d,916497,99,41.0,230.0,33.0,1.898295,7.346814,0.6507937,2.5434792,68.92444,0
6bba_5f89039d,916498,99,39.0,209.0,123.0,1.8734401,4.3242345,0.61904764,2.5434792,68.92444,0
6bba_5f89039d,916499,99,33.0,250.0,60.0,1.7961941,4.8805985,0.52380955,2.5434792,68.92444,0
6bba_5f89039d,916500,99,51.0,166.0,103.0,1.7754244,3.5941074,0.8095238,2.5434792,68.92444,0
6bba_5f89039d,916501,99,51.0,195.0,20.0,1.6044197,3.4314282,0.8095238,2.5434792,68.92444,0
6bba_5f89039d,916502,99,58.0,144.0,82.0,1.540729,2.4858558,0.9206349,2.5434792,68.92444,0
