dataset,total_gt_edges,total_pred_edges,tp,fp,fn,precision,recall,f1_score,official_edge_tp,official_edge_fp,official_edge_fn
44b6_0113de3b,50,17565,32,17533,18,0.0018,0.64,0.0036,39,4,11
44b6_0b24845f,49,14537,1,14536,48,0.0001,0.0204,0.0001,1,0,48
44b6_0c582fdc,70,15408,35,15373,35,0.0023,0.5,0.0045,39,12,31
44b6_0db75fae,151,8212,115,8097,36,0.014,0.7616,0.0275,131,7,20
44b6_12dfb391,773,36502,423,36079,350,0.0116,0.5472,0.0227,561,127,212
44b6_144b256d,119,31434,80,31354,39,0.0025,0.6723,0.0051,87,8,32
44b6_1574802b,153,9138,58,9080,95,0.0063,0.3791,0.0125,110,12,43
44b6_18ced818,99,36694,82,36612,17,0.0022,0.8283,0.0045,82,7,17
44b6_1d530831,271,21482,120,21362,151,0.0056,0.4428,0.011,181,37,90
44b6_24264f12,221,15127,86,15041,135,0.0057,0.3891,0.0112,99,40,122
44b6_267148e4,277,9666,104,9562,173,0.0108,0.3755,0.0209,104,63,173
44b6_2a2eff9f,210,24799,119,24680,91,0.0048,0.5667,0.0095,156,14,54
44b6_2f31fc2f,85,9070,15,9055,70,0.0017,0.1765,0.0033,18,15,67
44b6_33b596bf,49,12999,19,12980,30,0.0015,0.3878,0.0029,25,7,24
44b6_341df25f,209,4366,166,4200,43,0.038,0.7943,0.0726,183,5,26
44b6_3a861e03,919,26846,510,26336,409,0.019,0.555,0.0367,703,116,216
44b6_3bb3690f,396,12615,108,12507,288,0.0086,0.2727,0.0166,111,29,285
44b6_40c45f5a,198,17111,90,17021,108,0.0053,0.4545,0.0104,122,53,76
44b6_415c0a3a,322,25657,114,25543,208,0.0044,0.354,0.0088,116,35,206
44b6_53f95252,68,20951,35,20916,33,0.0017,0.5147,0.0033,50,3,18
44b6_551a5dba,224,28277,90,28187,134,0.0032,0.4018,0.0063,100,53,124
44b6_5740d24b,170,8024,99,7925,71,0.0123,0.5824,0.0242,105,9,65
44b6_587a1e22,371,10925,274,10651,97,0.0251,0.7385,0.0485,274,23,97
44b6_5f15d135,273,14378,87,14291,186,0.0061,0.3187,0.0119,108,35,165
44b6_668e0cc7,631,20725,398,20327,233,0.0192,0.6307,0.0373,412,85,219
44b6_66f9292d,198,21328,82,21246,116,0.0038,0.4141,0.0076,82,16,116
44b6_706092f0,117,33791,98,33693,19,0.0029,0.8376,0.0058,96,12,21
44b6_71a4179f,119,31993,85,31908,34,0.0027,0.7143,0.0053,96,31,23
44b6_74d0c52e,139,6931,66,6865,73,0.0095,0.4748,0.0187,66,22,73
44b6_7a302da0,507,36445,244,36201,263,0.0067,0.4813,0.0132,269,113,238
44b6_7e557709,560,35327,353,34974,207,0.01,0.6304,0.0197,424,63,136
44b6_808952d6,179,9273,130,9143,49,0.014,0.7263,0.0275,171,2,8
44b6_81c256f0,197,6387,192,6195,5,0.0301,0.9746,0.0583,195,0,2
44b6_87bba6c4,149,12393,74,12319,75,0.006,0.4966,0.0118,74,40,75
44b6_8cc6506c,396,12426,60,12366,336,0.0048,0.1515,0.0094,72,51,324
44b6_8f5ab931,604,13696,258,13438,346,0.0188,0.4272,0.0361,344,71,260
44b6_8f9ecab4,370,39360,182,39178,188,0.0046,0.4919,0.0092,185,49,185
44b6_90724892,103,14317,75,14242,28,0.0052,0.7282,0.0104,79,14,24
44b6_949adeb1,378,19564,187,19377,191,0.0096,0.4947,0.0188,202,61,176
44b6_95029e92,198,2844,182,2662,16,0.064,0.9192,0.1197,198,0,0
44b6_97725144,221,21949,136,21813,85,0.0062,0.6154,0.0123,136,23,85
44b6_996155de,377,3947,163,3784,214,0.0413,0.4324,0.0754,193,7,184
44b6_9be80b04,220,27063,128,26935,92,0.0047,0.5818,0.0094,133,35,87
44b6_9bfa6a0a,259,33613,183,33430,76,0.0054,0.7066,0.0108,184,51,75
44b6_a21120c2,286,13980,189,13791,97,0.0135,0.6608,0.0265,199,36,87
44b6_a2bb48bb,410,29376,120,29256,290,0.0041,0.2927,0.0081,145,85,265
44b6_aaf8b0ea,206,11115,151,10964,55,0.0136,0.733,0.0267,151,5,55
44b6_abf82518,94,12786,89,12697,5,0.007,0.9468,0.0138,89,2,5
44b6_b2c44266,168,28907,135,28772,33,0.0047,0.8036,0.0093,135,25,33
44b6_c15fded2,102,11845,57,11788,45,0.0048,0.5588,0.0095,57,37,45
44b6_c50204e0,325,21934,70,21864,255,0.0032,0.2154,0.0063,114,62,211
44b6_c771cb04,223,23191,116,23075,107,0.005,0.5202,0.0099,116,66,107
44b6_c8e2a523,164,22709,136,22573,28,0.006,0.8293,0.0119,136,20,28
44b6_c96cfa10,616,28058,407,27651,209,0.0145,0.6607,0.0284,407,88,209
44b6_cf2536e8,75,22126,24,22102,51,0.0011,0.32,0.0022,24,5,51
44b6_cf8fed6b,188,23454,153,23301,35,0.0065,0.8138,0.0129,168,17,20
44b6_d29c9ab2,1328,25701,936,24765,392,0.0364,0.7048,0.0693,934,155,394
44b6_d2f34f90,281,9414,33,9381,248,0.0035,0.1174,0.0068,33,30,248
44b6_d5e7d891,893,23202,360,22842,533,0.0155,0.4031,0.0299,360,184,533
44b6_d754aa59,70,3034,56,2978,14,0.0185,0.8,0.0361,56,0,14
44b6_d78e09d9,451,12312,276,12036,175,0.0224,0.612,0.0433,276,63,175
44b6_db3c847b,162,7428,116,7312,46,0.0156,0.716,0.0306,116,7,46
44b6_ddf577ad,647,27953,354,27599,293,0.0127,0.5471,0.0248,354,156,293
44b6_deabac95,124,7983,96,7887,28,0.012,0.7742,0.0237,96,13,28
44b6_e28840c6,309,38640,142,38498,167,0.0037,0.4595,0.0073,141,34,168
44b6_e29f0176,50,6039,13,6026,37,0.0022,0.26,0.0043,13,9,37
44b6_e31261b4,113,37707,83,37624,30,0.0022,0.7345,0.0044,83,8,30
44b6_e35b117d,266,14705,118,14587,148,0.008,0.4436,0.0158,118,35,148
44b6_e57ff5c6,186,7822,70,7752,116,0.0089,0.3763,0.0175,70,28,116
44b6_eb2880fc,379,21854,252,21602,127,0.0115,0.6649,0.0227,252,35,127
44b6_f28707c6,61,10870,35,10835,26,0.0032,0.5738,0.0064,35,13,26
6bba_05b6850b,845,3388,42,3346,803,0.0124,0.0497,0.0198,533,31,312
6bba_05db0fb1,1183,40189,290,39899,893,0.0072,0.2451,0.014,699,179,484
6bba_062c8d37,898,3275,199,3076,699,0.0608,0.2216,0.0954,635,57,263
6bba_07477033,602,2550,94,2456,508,0.0369,0.1561,0.0596,371,26,231
6bba_07e24132,345,17053,58,16995,287,0.0034,0.1681,0.0067,241,31,104
6bba_085bf656,1168,5373,277,5096,891,0.0516,0.2372,0.0847,746,114,422
6bba_09961292,1871,12838,924,11914,947,0.072,0.4939,0.1256,1115,214,756
6bba_0c7fa718,659,7178,149,7029,510,0.0208,0.2261,0.038,344,82,315
6bba_0e7c0d07,198,10710,33,10677,165,0.0031,0.1667,0.0061,94,29,104
6bba_12665c0e,998,4595,354,4241,644,0.077,0.3547,0.1266,688,55,310
6bba_13f19531,704,3130,34,3096,670,0.0109,0.0483,0.0177,413,16,291
6bba_15403b9a,729,4431,70,4361,659,0.0158,0.096,0.0271,451,92,278
6bba_1d0d8384,1365,10103,366,9737,999,0.0362,0.2681,0.0638,780,247,585
6bba_1ebfb80d,719,4900,52,4848,667,0.0106,0.0723,0.0185,355,49,364
6bba_1f58c2f6,299,14958,90,14868,209,0.006,0.301,0.0118,175,37,124
6bba_207c6aaf,450,5118,53,5065,397,0.0104,0.1178,0.019,125,62,325
6bba_20852818,909,5575,126,5449,783,0.0226,0.1386,0.0389,640,78,269
6bba_2312ac41,1132,6755,199,6556,933,0.0295,0.1758,0.0505,758,72,374
6bba_23af9eeb,499,1933,57,1876,442,0.0295,0.1142,0.0469,315,11,184
6bba_2540cd90,523,2410,109,2301,414,0.0452,0.2084,0.0743,333,85,190
6bba_2646afc7,721,3103,100,3003,621,0.0322,0.1387,0.0523,503,39,218
6bba_268e1230,609,2078,59,2019,550,0.0284,0.0969,0.0439,315,26,294
6bba_2819ca14,949,3598,131,3467,818,0.0364,0.138,0.0576,681,87,268
6bba_283bf9f1,1288,10645,586,10059,702,0.055,0.455,0.0982,692,111,596
6bba_312f0dc3,500,5463,44,5419,456,0.0081,0.088,0.0148,316,64,184
6bba_32db13fc,811,18260,231,18029,580,0.0127,0.2848,0.0242,374,123,437
6bba_337b1b3a,1213,19716,329,19387,884,0.0167,0.2712,0.0314,966,92,247
6bba_372c8cb8,1007,4251,188,4063,819,0.0442,0.1867,0.0715,761,35,246
6bba_3a1849c2,1142,2553,118,2435,1024,0.0462,0.1033,0.0639,564,37,578
6bba_3abfe10a,935,26044,175,25869,760,0.0067,0.1872,0.013,479,95,456
6bba_3c5691b6,746,3724,59,3665,687,0.0158,0.0791,0.0264,547,37,199
6bba_3db54e20,474,11217,50,11167,424,0.0045,0.1055,0.0086,230,64,244
6bba_3fda6b25,1179,4858,349,4509,830,0.0718,0.296,0.1156,731,48,448
6bba_43fea39d,880,3026,213,2813,667,0.0704,0.242,0.1091,597,35,283
6bba_474be664,286,16215,23,16192,263,0.0014,0.0804,0.0028,48,29,238
6bba_48816121,918,14996,171,14825,747,0.0114,0.1863,0.0215,680,115,238
6bba_4aa14c89,681,2857,178,2679,503,0.0623,0.2614,0.1006,445,25,236
6bba_4f99ce20,1010,3480,294,3186,716,0.0845,0.2911,0.131,717,76,293
6bba_4ffd3da3,689,8973,165,8808,524,0.0184,0.2395,0.0342,295,56,394
6bba_55b7eebe,688,2946,188,2758,500,0.0638,0.2733,0.1035,468,71,220
6bba_55c70843,467,15970,107,15863,360,0.0067,0.2291,0.013,200,61,267
6bba_57b7cc1e,1592,30284,471,29813,1121,0.0156,0.2959,0.0296,554,285,1038
6bba_5a4d9360,722,3230,93,3137,629,0.0288,0.1288,0.0471,337,66,385
6bba_5b28472a,724,3192,162,3030,562,0.0508,0.2238,0.0827,491,40,233
6bba_5c039895,1145,5748,239,5509,906,0.0416,0.2087,0.0693,727,164,418
6bba_5c824876,1130,14668,266,14402,864,0.0181,0.2354,0.0337,704,76,426
6bba_5dfe9ad1,1487,15431,556,14875,931,0.036,0.3739,0.0657,779,58,708
6bba_5f89039d,885,2652,87,2565,798,0.0328,0.0983,0.0492,652,85,233
6bba_61dd1e0d,543,4850,172,4678,371,0.0355,0.3168,0.0638,267,51,276
6bba_61ecbe65,614,3045,121,2924,493,0.0397,0.1971,0.0661,360,23,254
6bba_6321a359,798,2668,259,2409,539,0.0971,0.3246,0.1495,580,25,218
6bba_6479435d,580,10707,66,10641,514,0.0062,0.1138,0.0117,241,57,339
6bba_67ebd073,438,8153,141,8012,297,0.0173,0.3219,0.0328,273,67,165
6bba_6ca87370,1052,3447,293,3154,759,0.085,0.2785,0.1303,552,131,500
6bba_6db0e9b4,440,15643,136,15507,304,0.0087,0.3091,0.0169,320,65,120
6bba_6feb10f0,1343,2390,60,2330,1283,0.0251,0.0447,0.0321,137,41,1206
6bba_6feeb0b1,1343,4864,358,4506,985,0.0736,0.2666,0.1154,859,236,484
6bba_705ec2c9,562,2651,116,2535,446,0.0438,0.2064,0.0722,283,23,279
6bba_718b21f9,652,2731,255,2476,397,0.0934,0.3911,0.1508,435,123,217
6bba_74686d6a,576,13690,243,13447,333,0.0178,0.4219,0.0341,354,57,222
6bba_767a1e17,658,24086,253,23833,405,0.0105,0.3845,0.0204,374,125,284
6bba_76db78c1,604,2999,338,2661,266,0.1127,0.5596,0.1876,447,76,157
6bba_784a78c9,1739,8048,998,7050,741,0.124,0.5739,0.2039,1305,134,434
6bba_786893ac,1395,28285,687,27598,708,0.0243,0.4925,0.0463,689,243,706
6bba_789f8168,681,6108,423,5685,258,0.0693,0.6211,0.1246,493,57,188
6bba_78a7bd97,832,18190,145,18045,687,0.008,0.1743,0.0152,303,104,529
6bba_7af54fde,1092,4193,364,3829,728,0.0868,0.3333,0.1377,708,32,384
6bba_7b5d3b2c,555,3217,216,3001,339,0.0671,0.3892,0.1145,335,91,220
6bba_7d3058ae,1173,4584,470,4114,703,0.1025,0.4007,0.1633,932,53,241
6bba_7f87b3d8,934,5039,356,4683,578,0.0706,0.3812,0.1192,461,105,473
6bba_80d12824,654,4693,152,4541,502,0.0324,0.2324,0.0569,437,46,217
6bba_825bd1c6,930,4096,302,3794,628,0.0737,0.3247,0.1202,563,177,367
6bba_87289e13,699,8924,171,8753,528,0.0192,0.2446,0.0355,529,66,170
6bba_8b7818bf,725,3252,303,2949,422,0.0932,0.4179,0.1524,506,41,219
6bba_907271db,921,4910,306,4604,615,0.0623,0.3322,0.105,544,242,377
6bba_91951b3a,1148,7043,424,6619,724,0.0602,0.3693,0.1035,761,112,387
6bba_96833384,721,2625,150,2475,571,0.0571,0.208,0.0897,438,22,283
6bba_969618f6,658,7417,194,7223,464,0.0262,0.2948,0.048,410,40,248
6bba_971fa5e0,767,3198,157,3041,610,0.0491,0.2047,0.0792,505,70,262
6bba_9a41d029,1353,9784,356,9428,997,0.0364,0.2631,0.0639,767,145,586
6bba_9e23430b,891,3425,276,3149,615,0.0806,0.3098,0.1279,642,54,249
6bba_a5e926bb,698,4853,203,4650,495,0.0418,0.2908,0.0731,430,52,268
6bba_a90a0b9c,1112,21365,295,21070,817,0.0138,0.2653,0.0262,414,143,698
6bba_ab78413d,1138,4013,123,3890,1015,0.0307,0.1081,0.0478,146,37,992
6bba_acd782a8,330,11289,182,11107,148,0.0161,0.5515,0.0313,189,78,141
6bba_ae82a791,1471,4710,675,4035,796,0.1433,0.4589,0.2184,1046,100,425
6bba_aeee7805,768,2726,239,2487,529,0.0877,0.3112,0.1368,519,15,249
6bba_af149c94,1317,5600,430,5170,887,0.0768,0.3265,0.1243,835,144,482
6bba_afb141ff,626,3096,233,2863,393,0.0753,0.3722,0.1252,434,21,192
6bba_b1ae37b9,579,5523,111,5412,468,0.0201,0.1917,0.0364,194,40,385
6bba_b204cac7,811,2874,287,2587,524,0.0999,0.3539,0.1558,548,47,263
6bba_b329af44,1268,33345,521,32824,747,0.0156,0.4109,0.0301,647,165,621
6bba_b693381b,935,3750,285,3465,650,0.076,0.3048,0.1217,634,55,301
6bba_bb9f20c3,1879,12583,1080,11503,799,0.0858,0.5748,0.1494,1174,219,705
6bba_bbb708ca,861,3292,320,2972,541,0.0972,0.3717,0.1541,495,18,366
6bba_c27cba08,493,3409,181,3228,312,0.0531,0.3671,0.0928,292,25,201
6bba_c328f2fd,500,18226,197,18029,303,0.0108,0.394,0.021,230,39,270
6bba_c73a1d11,710,7805,100,7705,610,0.0128,0.1408,0.0235,156,73,554
6bba_cdcfe533,1348,19372,835,18537,513,0.0431,0.6194,0.0806,991,107,357
6bba_cf35214c,817,22846,384,22462,433,0.0168,0.47,0.0325,570,43,247
6bba_cff5865f,1501,28774,843,27931,658,0.0293,0.5616,0.0557,1034,123,467
6bba_d0fc38b5,813,3224,282,2942,531,0.0875,0.3469,0.1397,512,31,301
6bba_d1acb6ff,643,7227,234,6993,409,0.0324,0.3639,0.0595,426,61,217
6bba_d2b9fc0c,921,13451,460,12991,461,0.0342,0.4995,0.064,626,183,295
6bba_d3da753b,857,10958,523,10435,334,0.0477,0.6103,0.0885,627,205,230
6bba_d5eae175,519,2581,296,2285,223,0.1147,0.5703,0.191,311,124,208
6bba_d6ecebbb,862,2865,427,2438,435,0.149,0.4954,0.2291,452,33,410
6bba_d82a4fc6,530,12334,307,12027,223,0.0249,0.5792,0.0477,380,42,150
6bba_debd7bfa,729,6353,352,6001,377,0.0554,0.4829,0.0994,370,49,359
6bba_df673a83,654,11148,395,10753,259,0.0354,0.604,0.0669,419,57,235
6bba_e16ffc58,942,4410,267,4143,675,0.0605,0.2834,0.0998,675,135,267
6bba_e5e44988,634,3068,269,2799,365,0.0877,0.4243,0.1453,371,67,263
6bba_ebdf3b34,803,32093,405,31688,398,0.0126,0.5044,0.0246,488,112,315
6bba_ebff6e76,1264,22902,474,22428,790,0.0207,0.375,0.0392,488,183,776
6bba_ed9377fd,508,2661,194,2467,314,0.0729,0.3819,0.1224,279,45,229
6bba_edf14583,760,27574,338,27236,422,0.0123,0.4447,0.0239,410,85,350
6bba_eebc57a5,989,6067,484,5583,505,0.0798,0.4894,0.1372,637,137,352
6bba_ef7b4f7e,1201,3266,782,2484,419,0.2394,0.6511,0.3501,920,18,281
6bba_f17befbc,1015,6168,310,5858,705,0.0503,0.3054,0.0863,365,81,650
6bba_f1fde7e0,446,3934,161,3773,285,0.0409,0.361,0.0735,163,33,283
6bba_f20478e9,963,3226,415,2811,548,0.1286,0.4309,0.1981,578,82,385
6bba_f4ae811c,965,4783,622,4161,343,0.13,0.6446,0.2164,639,36,326
6bba_f8ffd5e7,370,16019,199,15820,171,0.0124,0.5378,0.0243,218,35,152
6bba_fbc898dc,639,2674,463,2211,176,0.1731,0.7246,0.2795,480,15,159
6bba_fc516dc6,762,4507,453,4054,309,0.1005,0.5945,0.1719,520,75,242
6bba_fc5f39dc,458,7389,176,7213,282,0.0238,0.3843,0.0449,176,20,282
6bba_fc83837d,923,5770,418,5352,505,0.0724,0.4529,0.1249,420,113,503
6bba_fe670320,680,5896,431,5465,249,0.0731,0.6338,0.1311,432,111,248
