dataset,num_nodes,estimated_number_of_nodes,num_edges,n_frames
44b6_0113de3b,52,25755,50,76
44b6_0b24845f,51,32795,49,51
44b6_0c582fdc,71,27958,70,91
44b6_0db75fae,157,15335,151,89
44b6_12dfb391,788,58672,773,100
44b6_144b256d,121,65376,119,100
44b6_1574802b,155,17677,153,99
44b6_18ced818,100,78644,99,100
44b6_1d530831,276,35825,271,100
44b6_24264f12,230,26353,221,87
44b6_267148e4,280,19130,277,100
44b6_2a2eff9f,214,56367,210,100
44b6_2f31fc2f,89,24368,85,81
44b6_33b596bf,50,23330,49,71
44b6_341df25f,216,7436,209,100
44b6_3a861e03,935,40546,919,100
44b6_3bb3690f,400,31937,396,100
44b6_40c45f5a,200,32681,198,100
44b6_415c0a3a,331,57292,322,100
44b6_53f95252,70,38715,68,51
44b6_551a5dba,228,57627,224,100
44b6_5740d24b,173,19730,170,100
44b6_587a1e22,381,18137,371,100
44b6_5f15d135,278,29519,273,100
44b6_668e0cc7,643,39701,631,100
44b6_66f9292d,200,52710,198,100
44b6_706092f0,118,69898,117,100
44b6_71a4179f,121,67688,119,100
44b6_74d0c52e,140,15090,139,100
44b6_7a302da0,516,66858,507,100
44b6_7e557709,570,56060,560,100
44b6_808952d6,181,15742,179,100
44b6_81c256f0,199,10052,197,100
44b6_87bba6c4,153,28102,149,81
44b6_8cc6506c,400,32172,396,100
44b6_8f5ab931,616,27571,604,100
44b6_8f9ecab4,374,74833,370,100
44b6_90724892,105,25532,103,86
44b6_949adeb1,388,37179,378,100
44b6_95029e92,200,5161,198,100
44b6_97725144,225,35774,221,100
44b6_996155de,380,7573,377,100
44b6_9be80b04,222,57877,220,100
44b6_9bfa6a0a,264,64308,259,100
44b6_a21120c2,296,23040,286,85
44b6_a2bb48bb,416,60613,410,100
44b6_aaf8b0ea,209,22099,206,100
44b6_abf82518,96,27604,94,58
44b6_b2c44266,170,59729,168,100
44b6_c15fded2,104,20585,102,75
44b6_c50204e0,333,47078,325,100
44b6_c771cb04,227,53345,223,100
44b6_c8e2a523,168,33144,164,81
44b6_c96cfa10,629,46236,616,100
44b6_cf2536e8,76,57565,75,76
44b6_cf8fed6b,191,43729,188,100
44b6_d29c9ab2,1353,38055,1328,100
44b6_d2f34f90,283,24074,281,100
44b6_d5e7d891,906,44848,893,100
44b6_d754aa59,72,5171,70,76
44b6_d78e09d9,463,22259,451,100
44b6_db3c847b,165,15023,162,100
44b6_ddf577ad,659,53492,647,100
44b6_deabac95,126,13989,124,98
44b6_e28840c6,311,74686,309,100
44b6_e29f0176,51,12969,50,81
44b6_e31261b4,116,72856,113,97
44b6_e35b117d,270,28641,266,100
44b6_e57ff5c6,193,20314,186,100
44b6_eb2880fc,390,48084,379,100
44b6_f28707c6,63,18656,61,73
6bba_05b6850b,861,6362,845,100
6bba_05db0fb1,1229,69800,1183,100
6bba_062c8d37,930,6030,898,100
6bba_07477033,613,4836,602,100
6bba_07e24132,359,21485,345,100
6bba_085bf656,1198,8463,1168,100
6bba_09961292,1950,31117,1871,100
6bba_0c7fa718,704,13650,659,100
6bba_0e7c0d07,209,22467,198,86
6bba_12665c0e,1036,8314,998,100
6bba_13f19531,737,5773,704,100
6bba_15403b9a,758,6889,729,100
6bba_1d0d8384,1438,17909,1365,100
6bba_1ebfb80d,745,11558,719,100
6bba_1f58c2f6,317,28903,299,100
6bba_207c6aaf,475,11999,450,100
6bba_20852818,952,9758,909,100
6bba_2312ac41,1156,11950,1132,100
6bba_23af9eeb,513,4450,499,100
6bba_2540cd90,529,3783,523,100
6bba_2646afc7,738,5495,721,100
6bba_268e1230,641,5107,609,100
6bba_2819ca14,986,5534,949,100
6bba_283bf9f1,1342,20861,1288,100
6bba_312f0dc3,520,9963,500,81
6bba_32db13fc,862,38705,811,100
6bba_337b1b3a,1272,30480,1213,100
6bba_372c8cb8,1036,7021,1007,100
6bba_3a1849c2,1173,7003,1142,100
6bba_3abfe10a,997,52065,935,100
6bba_3c5691b6,765,6258,746,100
6bba_3db54e20,502,23236,474,100
6bba_3fda6b25,1207,9842,1179,100
6bba_43fea39d,910,5748,880,100
6bba_474be664,292,28293,286,100
6bba_48816121,935,23965,918,100
6bba_4aa14c89,707,6787,681,100
6bba_4f99ce20,1057,5965,1010,100
6bba_4ffd3da3,706,17637,689,100
6bba_55b7eebe,705,5257,688,100
6bba_55c70843,490,35415,467,100
6bba_57b7cc1e,1659,65511,1592,100
6bba_5a4d9360,747,5976,722,100
6bba_5b28472a,737,5802,724,100
6bba_5c039895,1174,8570,1145,100
6bba_5c824876,1170,24647,1130,100
6bba_5dfe9ad1,1542,26913,1487,100
6bba_5f89039d,904,4611,885,100
6bba_61dd1e0d,558,10128,543,100
6bba_61ecbe65,640,5774,614,100
6bba_6321a359,827,4821,798,100
6bba_6479435d,617,23453,580,100
6bba_67ebd073,462,16061,438,100
6bba_6ca87370,1081,7195,1052,100
6bba_6db0e9b4,449,28435,440,100
6bba_6feb10f0,1368,8862,1343,100
6bba_6feeb0b1,1389,7518,1343,100
6bba_705ec2c9,596,5600,562,100
6bba_718b21f9,661,4306,652,100
6bba_74686d6a,586,29803,576,100
6bba_767a1e17,718,47714,658,100
6bba_76db78c1,617,4855,604,100
6bba_784a78c9,1788,13096,1739,100
6bba_786893ac,1465,58979,1395,100
6bba_789f8168,713,10676,681,100
6bba_78a7bd97,886,40613,832,100
6bba_7af54fde,1131,9624,1092,100
6bba_7b5d3b2c,565,5780,555,100
6bba_7d3058ae,1200,7611,1173,100
6bba_7f87b3d8,1000,10581,934,100
6bba_80d12824,680,9021,654,100
6bba_825bd1c6,968,7586,930,100
6bba_87289e13,724,14966,699,100
6bba_8b7818bf,741,5828,725,100
6bba_907271db,945,7306,921,100
6bba_91951b3a,1188,11907,1148,100
6bba_96833384,758,4869,721,100
6bba_969618f6,679,13888,658,100
6bba_971fa5e0,792,5609,767,100
6bba_9a41d029,1401,18231,1353,100
6bba_9e23430b,914,7708,891,100
6bba_a5e926bb,741,8440,698,100
6bba_a90a0b9c,1147,36896,1112,100
6bba_ab78413d,1179,9241,1138,100
6bba_acd782a8,356,19710,330,100
6bba_ae82a791,1495,7403,1471,100
6bba_aeee7805,795,5034,768,100
6bba_af149c94,1350,8933,1317,100
6bba_afb141ff,654,6054,626,100
6bba_b1ae37b9,612,24298,579,88
6bba_b204cac7,826,5092,811,100
6bba_b329af44,1316,62465,1268,100
6bba_b693381b,983,5558,935,100
6bba_bb9f20c3,1925,23071,1879,100
6bba_bbb708ca,892,6785,861,100
6bba_c27cba08,517,6445,493,100
6bba_c328f2fd,511,31228,500,100
6bba_c73a1d11,737,16315,710,100
6bba_cdcfe533,1419,29785,1348,100
6bba_cf35214c,842,34890,817,100
6bba_cff5865f,1571,46362,1501,100
6bba_d0fc38b5,835,6111,813,100
6bba_d1acb6ff,681,14719,643,100
6bba_d2b9fc0c,944,20178,921,100
6bba_d3da753b,887,17246,857,100
6bba_d5eae175,528,4519,519,100
6bba_d6ecebbb,886,5359,862,100
6bba_d82a4fc6,545,27716,530,100
6bba_debd7bfa,766,11807,729,100
6bba_df673a83,668,19239,654,99
6bba_e16ffc58,964,6367,942,100
6bba_e5e44988,666,5615,634,100
6bba_ebdf3b34,847,56847,803,100
6bba_ebff6e76,1318,41596,1264,100
6bba_ed9377fd,531,4443,508,100
6bba_edf14583,801,59242,760,100
6bba_eebc57a5,1026,9347,989,100
6bba_ef7b4f7e,1234,6107,1201,100
6bba_f17befbc,1078,24963,1015,100
6bba_f1fde7e0,476,9040,446,100
6bba_f20478e9,1003,5973,963,100
6bba_f4ae811c,1001,8903,965,100
6bba_f8ffd5e7,389,29540,370,100
6bba_fbc898dc,655,4889,639,100
6bba_fc516dc6,788,7866,762,100
6bba_fc5f39dc,471,14020,458,100
6bba_fc83837d,957,13087,923,100
6bba_fe670320,716,10836,680,100
